_id,timestamp,ue_id,cellid,in_sync,rnti,dlBytes,dlMcs,dlBler,ulBytes,ulMcs,ulBler,ri,pmi,phr,pcmax,rsrq,sinr,rsrp,rssi,cqi,pucchSnr,puschSnr,dlQm,ulQm
6943e16035996ea66e7115ea,1766056287.361000,4,12345678,1,aa2a,315136,0,0.0,935437,0,0.0,2,"(0,1)",50,6,-10.5,23.5,-55,-59.1,14,21.0,34.0,2,2
6943e16035996ea66e7115eb,1766056287.411000,4,12345678,1,aa2a,315136,0,0.0,935455,0,0.0,2,"(0,1)",50,6,-10.5,23.5,-55,-66.0,14,21.0,32.5,2,2
6943e16035996ea66e7115ec,1766056287.461000,4,12345678,1,aa2a,315136,0,0.0,935455,0,0.0,2,"(0,1)",50,6,-10.5,23.5,-55,-66.0,14,21.0,32.5,2,2
6943e16035996ea66e7115ed,1766056287.511000,4,12345678,1,aa2a,315136,0,0.0,935473,0,0.0,2,"(0,1)",52,6,-10.5,23.5,-55,-67.8,14,21.0,33.0,2,2
6943e16035996ea66e7115ee,1766056287.561000,4,12345678,1,aa2a,315136,0,0.0,935473,0,0.0,2,"(0,1)",52,6,-10.5,23.5,-55,-67.8,14,21.0,33.0,2,2
6943e16035996ea66e7115ef,1766056287.610000,4,12345678,1,aa2a,315136,0,0.0,935491,0,0.0,2,"(0,1)",54,6,-10.5,23.5,-55,-66.0,14,21.0,29.0,2,2
6943e16035996ea66e7115f0,1766056287.661000,4,12345678,1,aa2a,315136,0,0.0,935491,0,0.0,2,"(0,1)",54,6,-10.5,23.5,-55,-66.0,14,21.0,29.0,2,2
6943e16035996ea66e7115f1,1766056287.711000,4,12345678,1,aa2a,315136,0,0.0,935509,0,0.0,2,"(0,1)",54,6,-10.5,23.5,-55,-66.0,14,21.0,27.0,2,2
6943e16035996ea66e7115f2,1766056287.761000,4,12345678,1,aa2a,315136,0,0.0,935509,0,0.0,2,"(0,1)",54,6,-10.5,23.5,-55,-66.0,14,21.0,27.0,2,2
6943e16035996ea66e7115f3,1766056287.811000,4,12345678,1,aa2a,315136,0,0.0,935527,0,0.0,2,"(0,1)",54,6,-10.5,23.5,-55,-66.6,14,21.0,28.0,2,2
6943e16035996ea66e7115f4,1766056287.861000,4,12345678,1,aa2a,315136,0,0.0,935527,0,0.0,2,"(0,1)",54,6,-10.5,23.5,-55,-66.6,14,21.0,28.0,2,2
6943e16035996ea66e7115f5,1766056287.911000,4,12345678,1,aa2a,315136,0,0.0,935545,0,0.0,2,"(0,1)",54,6,-10.5,23.5,-55,-69.6,14,21.0,24.5,2,2
6943e16035996ea66e7115f6,1766056287.961000,4,12345678,1,aa2a,315174,0,0.0,935545,0,0.0,2,"(0,1)",54,6,-10.5,23.5,-55,-69.6,14,21.0,24.5,2,2
6943e16035996ea66e7115f7,1766056288.011000,4,12345678,1,aa2a,315216,0,0.0,935603,0,0.0,2,"(0,1)",61,6,-10.5,23.5,-55,-67.4,14,21.0,5.0,2,2
6943e16035996ea66e7115f8,1766056288.061000,4,12345678,1,aa2a,315216,0,0.0,935603,0,0.0,2,"(0,1)",61,6,-10.5,23.5,-55,-67.4,14,21.0,5.0,2,2
6943e16035996ea66e7115f9,1766056288.111000,4,12345678,1,aa2a,315216,0,0.0,935621,0,0.033333,2,"(0,1)",48,6,-10.5,23.5,-55,-66.0,14,21.0,31.0,2,2
6943e16035996ea66e7115fa,1766056288.161000,4,12345678,1,aa2a,315216,0,0.0,935621,0,0.033333,2,"(0,1)",48,6,-10.5,23.5,-55,-66.0,14,21.0,31.0,2,2
6943e16035996ea66e7115fb,1766056288.211000,4,12345678,1,aa2a,315216,0,0.0,935639,0,0.03,2,"(0,1)",50,6,-10.5,23.5,-55,-66.0,14,21.0,30.0,2,2
6943e16035996ea66e7115fc,1766056288.261000,4,12345678,1,aa2a,315216,0,0.0,935639,0,0.03,2,"(0,1)",50,6,-10.5,23.5,-55,-66.0,14,21.0,30.0,2,2
6943e16135996ea66e711690,1766056288.311000,4,12345678,1,aa2a,315216,0,0.0,935657,0,0.027,2,"(0,1)",50,6,-10.5,23.5,-55,-63.0,14,21.0,33.0,2,2
6943e16135996ea66e711691,1766056288.361000,4,12345678,1,aa2a,315216,0,0.0,935657,0,0.027,2,"(0,1)",50,6,-10.5,23.5,-55,-63.0,14,21.0,33.0,2,2
6943e16135996ea66e711692,1766056288.411000,4,12345678,1,aa2a,315216,0,0.0,935675,0,0.0243,2,"(0,1)",52,6,-10.5,23.5,-55,-63.0,14,21.0,29.5,2,2
6943e16135996ea66e711693,1766056288.461000,4,12345678,1,aa2a,315216,0,0.0,935675,0,0.0243,2,"(0,1)",52,6,-10.5,23.5,-55,-63.0,14,21.0,29.5,2,2
6943e16135996ea66e711694,1766056288.511000,4,12345678,1,aa2a,315216,0,0.0,935693,0,0.02187,2,"(0,1)",52,6,-10.5,23.5,-55,-63.0,14,21.0,29.5,2,2
6943e16135996ea66e711695,1766056288.561000,4,12345678,1,aa2a,315216,0,0.0,935693,0,0.02187,2,"(0,1)",52,6,-10.5,23.5,-55,-63.0,14,21.0,29.5,2,2
6943e16135996ea66e711696,1766056288.611000,4,12345678,1,aa2a,315216,0,0.0,935711,0,0.019683,2,"(0,1)",54,6,-10.5,23.5,-55,-66.4,14,21.0,26.5,2,2
6943e16135996ea66e711697,1766056288.661000,4,12345678,1,aa2a,315216,0,0.0,935711,0,0.019683,2,"(0,1)",54,6,-10.5,23.5,-55,-66.4,14,21.0,26.5,2,2
6943e16135996ea66e711698,1766056288.710000,4,12345678,1,aa2a,315216,0,0.0,935729,0,0.017715,2,"(0,1)",54,6,-10.5,23.5,-55,-57.6,14,21.0,32.5,2,2
6943e16135996ea66e711699,1766056288.761000,4,12345678,1,aa2a,315216,0,0.0,935729,0,0.017715,2,"(0,1)",54,6,-10.5,23.5,-55,-57.6,14,21.0,32.5,2,2
6943e16135996ea66e71169a,1766056288.811000,4,12345678,1,aa2a,315216,0,0.0,935747,0,0.015943,2,"(0,1)",54,6,-10.5,23.5,-55,-59.1,14,21.0,32.0,2,2
6943e16135996ea66e71169b,1766056288.861000,4,12345678,1,aa2a,315216,0,0.0,935747,0,0.015943,2,"(0,1)",54,6,-10.5,23.5,-55,-59.1,14,21.0,32.0,2,2
6943e16135996ea66e71169c,1766056288.911000,4,12345678,1,aa2a,315216,0,0.0,935765,0,0.014349,2,"(0,1)",54,6,-10.5,23.5,-55,-61.3,14,21.0,29.5,2,2
6943e16135996ea66e71169d,1766056288.961000,4,12345678,1,aa2a,315254,0,0.0,935765,0,0.014349,2,"(0,1)",54,6,-10.5,23.5,-55,-61.3,14,21.0,29.5,2,2
6943e16135996ea66e71169e,1766056289.011000,4,12345678,1,aa2a,315254,0,0.0,935803,0,0.012914,2,"(0,1)",54,6,-10.5,23.5,-55,-66.0,14,21.0,6.5,2,2
6943e16135996ea66e71169f,1766056289.061000,4,12345678,1,aa2a,315296,0,0.0,935837,0,0.012914,2,"(0,1)",54,6,-10.5,23.5,-56,-56.5,14,22.0,14.0,2,2
6943e16135996ea66e7116a0,1766056289.111000,4,12345678,1,aa2a,315296,0,0.0,935861,1,0.011623,2,"(0,1)",52,6,-10.5,23.5,-56,-60.0,14,22.0,33.0,2,2
6943e16135996ea66e7116a1,1766056289.161000,4,12345678,1,aa2a,315296,0,0.0,935861,1,0.011623,2,"(0,1)",52,6,-10.5,23.5,-56,-60.0,14,22.0,33.0,2,2
6943e16135996ea66e7116a2,1766056289.211000,4,12345678,1,aa2a,315296,0,0.0,935879,0,0.01046,2,"(0,1)",52,6,-10.5,23.5,-56,-66.0,14,22.0,30.0,2,2
6943e16135996ea66e7116a3,1766056289.261000,4,12345678,1,aa2a,315296,0,0.0,935879,0,0.01046,2,"(0,1)",52,6,-10.5,23.5,-56,-66.0,14,22.0,30.0,2,2
6943e16235996ea66e711766,1766056289.311000,4,12345678,1,aa2a,315296,0,0.0,935897,0,0.009414,2,"(0,1)",54,6,-10.5,23.5,-56,-61.3,14,22.0,30.5,2,2
6943e16235996ea66e711767,1766056289.361000,4,12345678,1,aa2a,315296,0,0.0,935897,0,0.009414,2,"(0,1)",54,6,-10.5,23.5,-56,-61.3,14,22.0,30.5,2,2
6943e16235996ea66e711768,1766056289.411000,4,12345678,1,aa2a,315296,0,0.0,935915,0,0.008473,2,"(0,1)",54,6,-10.5,23.5,-56,-60.0,14,22.0,31.0,2,2
6943e16235996ea66e711769,1766056289.461000,4,12345678,1,aa2a,315296,0,0.0,935915,0,0.008473,2,"(0,1)",54,6,-10.5,23.5,-56,-60.0,14,22.0,31.0,2,2
6943e16235996ea66e71176a,1766056289.511000,4,12345678,1,aa2a,315296,0,0.0,935933,0,0.007626,2,"(0,1)",54,6,-10.5,23.5,-56,-61.3,14,22.0,30.5,2,2
6943e16235996ea66e71176b,1766056289.561000,4,12345678,1,aa2a,315296,0,0.0,935933,0,0.007626,2,"(0,1)",54,6,-10.5,23.5,-56,-61.3,14,22.0,30.5,2,2
6943e16235996ea66e71176c,1766056289.610000,4,12345678,1,aa2a,315296,0,0.0,935951,0,0.006863,2,"(0,1)",54,6,-10.5,23.5,-56,-60.0,14,22.0,32.0,2,2
6943e16235996ea66e71176d,1766056289.660000,4,12345678,1,aa2a,315296,0,0.0,935951,0,0.006863,2,"(0,1)",54,6,-10.5,23.5,-56,-60.0,14,22.0,32.0,2,2
6943e16235996ea66e71176e,1766056289.710000,4,12345678,1,aa2a,315296,0,0.0,935969,0,0.006177,2,"(0,1)",54,6,-10.5,23.5,-56,-67.6,14,22.0,28.0,2,2
6943e16235996ea66e71176f,1766056289.761000,4,12345678,1,aa2a,315296,0,0.0,935969,0,0.006177,2,"(0,1)",54,6,-10.5,23.5,-56,-67.6,14,22.0,28.0,2,2
6943e16235996ea66e711770,1766056289.811000,4,12345678,1,aa2a,315296,0,0.0,935987,0,0.005559,2,"(0,1)",54,6,-10.5,23.5,-56,-69.4,14,22.0,26.5,2,2
6943e16235996ea66e711771,1766056289.861000,4,12345678,1,aa2a,315296,0,0.0,935987,0,0.005559,2,"(0,1)",54,6,-10.5,23.5,-56,-69.4,14,22.0,26.5,2,2
6943e16235996ea66e711772,1766056289.911000,4,12345678,1,aa2a,315296,0,0.0,936005,0,0.005003,2,"(0,1)",54,6,-10.5,23.5,-56,-70.5,14,22.0,26.0,2,2
6943e16235996ea66e711773,1766056289.961000,4,12345678,1,aa2a,315334,0,0.0,936005,0,0.005003,2,"(0,1)",54,6,-10.5,23.5,-56,-70.5,14,22.0,26.0,2,2
6943e16235996ea66e711774,1766056290.011000,4,12345678,1,aa2a,315334,0,0.0,936023,0,0.004503,2,"(0,1)",60,6,-10.5,23.5,-56,-68.5,14,22.0,2.5,2,2
6943e16235996ea66e711775,1766056290.061000,4,12345678,1,aa2a,315376,0,0.0,936077,0,0.004503,2,"(0,1)",54,6,-11.0,23.5,-57,-68.9,14,23.0,10.0,2,2
6943e16235996ea66e711776,1766056290.111000,4,12345678,1,aa2a,315376,0,0.0,936077,0,0.004503,2,"(0,1)",54,6,-11.0,23.5,-57,-68.9,14,23.0,10.0,2,2
6943e16235996ea66e711777,1766056290.161000,4,12345678,1,aa2a,315376,0,0.0,936101,1,0.029053,2,"(0,1)",46,6,-11.0,23.5,-57,-67.1,14,23.0,31.5,2,2
6943e16235996ea66e711778,1766056290.211000,4,12345678,1,aa2a,315376,0,0.0,936101,1,0.029053,2,"(0,1)",46,6,-11.0,23.5,-57,-67.1,14,23.0,31.5,2,2
6943e16235996ea66e711779,1766056290.260000,4,12345678,1,aa2a,315376,0,0.0,936119,0,0.026147,2,"(0,1)",48,6,-11.0,23.5,-57,-66.0,14,23.0,33.0,2,2
6943e16235996ea66e71177a,1766056290.310000,4,12345678,1,aa2a,315376,0,0.0,936119,0,0.026147,2,"(0,1)",48,6,-11.0,23.5,-57,-66.0,14,23.0,33.0,2,2
6943e16235996ea66e71177b,1766056290.361000,4,12345678,1,aa2a,315376,0,0.0,936137,0,0.023533,2,"(0,1)",48,6,-11.0,23.5,-57,-69.5,15,23.0,31.5,2,2
6943e16335996ea66e71181c,1766056290.411000,4,12345678,1,aa2a,315376,0,0.0,936137,0,0.023533,2,"(0,1)",48,6,-11.0,23.5,-57,-69.5,15,23.0,31.5,2,2
6943e16335996ea66e71181d,1766056290.460000,4,12345678,1,aa2a,315376,0,0.0,936155,0,0.021179,2,"(0,1)",48,6,-11.0,23.5,-57,-68.5,15,23.0,31.0,2,2
6943e16335996ea66e71181e,1766056290.511000,4,12345678,1,aa2a,315376,0,0.0,936155,0,0.021179,2,"(0,1)",48,6,-11.0,23.5,-57,-68.5,15,23.0,31.0,2,2
6943e16335996ea66e71181f,1766056290.561000,4,12345678,1,aa2a,315376,0,0.0,936173,0,0.019061,2,"(0,1)",48,6,-11.0,23.5,-57,-63.0,15,23.0,30.5,2,2
6943e16335996ea66e711820,1766056290.611000,4,12345678,1,aa2a,315376,0,0.0,936173,0,0.019061,2,"(0,1)",48,6,-11.0,23.5,-57,-63.0,15,23.0,30.5,2,2
6943e16335996ea66e711821,1766056290.661000,4,12345678,1,aa2a,315376,0,0.0,936191,0,0.017155,2,"(0,1)",48,6,-11.0,23.5,-57,-61.3,15,23.0,31.5,2,2
6943e16335996ea66e711822,1766056290.711000,4,12345678,1,aa2a,315376,0,0.0,936191,0,0.017155,2,"(0,1)",48,6,-11.0,23.5,-57,-61.3,15,23.0,31.5,2,2
6943e16335996ea66e711823,1766056290.761000,4,12345678,1,aa2a,315376,0,0.0,936209,0,0.01544,2,"(0,0)",48,6,-11.0,23.5,-57,-63.0,15,23.0,28.5,2,2
6943e16335996ea66e711824,1766056290.811000,4,12345678,1,aa2a,315376,0,0.0,936209,0,0.01544,2,"(0,0)",48,6,-11.0,23.5,-57,-63.0,15,23.0,28.5,2,2
6943e16335996ea66e711825,1766056290.861000,4,12345678,1,aa2a,315376,0,0.0,936227,0,0.013896,2,"(0,0)",48,6,-11.0,23.5,-57,-68.2,14,23.0,24.0,2,2
6943e16335996ea66e711826,1766056290.911000,4,12345678,1,aa2a,315376,0,0.0,936227,0,0.013896,2,"(0,0)",48,6,-11.0,23.5,-57,-68.2,15,23.0,24.0,2,2
6943e16335996ea66e711827,1766056290.961000,4,12345678,1,aa2a,315414,0,0.0,936245,0,0.012506,2,"(0,0)",48,6,-11.0,23.5,-57,-66.0,15,23.0,13.0,2,2
6943e16335996ea66e711828,1766056291.011000,4,12345678,1,aa2a,315414,0,0.0,936245,0,0.012506,2,"(0,1)",48,6,-11.0,23.5,-57,-66.0,14,23.0,13.0,2,2
6943e16335996ea66e711829,1766056291.061000,4,12345678,1,aa2a,315456,0,0.0,936317,0,0.011256,2,"(0,1)",46,6,-11.0,23.5,-57,-61.3,14,22.0,13.0,2,2
6943e16335996ea66e71182a,1766056291.111000,4,12345678,1,aa2a,315456,0,0.0,936317,0,0.011256,2,"(0,1)",46,6,-11.0,23.5,-57,-61.3,14,22.0,13.0,2,2
6943e16335996ea66e71182b,1766056291.161000,4,12345678,1,aa2a,315456,0,0.0,936341,1,0.01013,2,"(0,1)",42,6,-11.0,23.5,-57,-66.0,14,22.0,30.5,2,2
6943e16335996ea66e71182c,1766056291.211000,4,12345678,1,aa2a,315456,0,0.0,936341,1,0.01013,2,"(0,1)",42,6,-11.0,23.5,-57,-66.0,14,22.0,30.5,2,2
6943e16335996ea66e71182d,1766056291.261000,4,12345678,1,aa2a,315456,0,0.0,936359,0,0.009117,2,"(0,1)",42,6,-11.0,23.5,-57,-57.0,14,22.0,35.0,2,2
6943e16335996ea66e71182e,1766056291.311000,4,12345678,1,aa2a,315456,0,0.0,936359,0,0.009117,2,"(0,1)",42,6,-11.0,23.5,-57,-57.0,14,22.0,35.0,2,2
6943e16335996ea66e71182f,1766056291.361000,4,12345678,1,aa2a,315456,0,0.0,936377,0,0.008205,2,"(0,1)",44,6,-11.0,23.5,-57,-63.0,14,22.0,31.5,2,2
6943e16335996ea66e711830,1766056291.411000,4,12345678,1,aa2a,315456,0,0.0,936377,0,0.008205,2,"(0,1)",44,6,-11.0,23.5,-57,-63.0,14,22.0,31.5,2,2
6943e16335996ea66e711831,1766056291.461000,4,12345678,1,aa2a,315456,0,0.0,936395,0,0.007385,2,"(0,1)",44,6,-11.0,23.5,-57,-50.3,14,22.0,40.0,2,2
6943e16435996ea66e7118e7,1766056291.510000,4,12345678,1,aa2a,315456,0,0.0,936395,0,0.007385,2,"(0,1)",44,6,-11.0,23.5,-57,-50.3,14,22.0,40.0,2,2
6943e16435996ea66e7118e8,1766056291.561000,4,12345678,1,aa2a,315456,0,0.0,936413,0,0.006646,2,"(0,0)",44,6,-11.0,23.5,-57,-60.0,15,22.0,31.5,2,2
6943e16435996ea66e7118e9,1766056291.611000,4,12345678,1,aa2a,315456,0,0.0,936413,0,0.006646,2,"(0,0)",44,6,-11.0,23.5,-57,-60.0,15,22.0,31.5,2,2
6943e16435996ea66e7118ea,1766056291.661000,4,12345678,1,aa2a,315456,0,0.0,936431,0,0.005982,2,"(0,1)",46,6,-11.0,23.5,-57,-61.3,15,22.0,31.0,2,2
6943e16435996ea66e7118eb,1766056291.711000,4,12345678,1,aa2a,315456,0,0.0,936431,0,0.005982,2,"(0,1)",46,6,-11.0,23.5,-57,-61.3,15,22.0,31.0,2,2
6943e16435996ea66e7118ec,1766056291.761000,4,12345678,1,aa2a,315456,0,0.0,936449,0,0.005383,2,"(0,1)",46,6,-11.0,23.5,-57,-61.3,15,22.0,32.0,2,2
6943e16435996ea66e7118ed,1766056291.811000,4,12345678,1,aa2a,315456,0,0.0,936449,0,0.005383,2,"(0,1)",46,6,-11.0,23.5,-57,-61.3,15,22.0,32.0,2,2
6943e16435996ea66e7118ee,1766056291.860000,4,12345678,1,aa2a,315456,0,0.0,936467,0,0.004845,2,"(0,0)",46,6,-11.0,23.5,-57,-59.1,15,22.0,33.5,2,2
6943e16435996ea66e7118ef,1766056291.911000,4,12345678,1,aa2a,315456,0,0.0,936467,0,0.004845,2,"(0,1)",46,6,-11.0,23.5,-57,-59.1,14,22.0,33.5,2,2
6943e16435996ea66e7118f0,1766056291.961000,4,12345678,1,aa2a,315494,0,0.0,936485,0,0.004361,2,"(0,1)",46,6,-11.0,23.5,-57,-56.5,14,22.0,36.0,2,2
6943e16435996ea66e7118f1,1766056292.011000,4,12345678,1,aa2a,315494,0,0.0,936485,0,0.004361,2,"(0,1)",46,6,-11.0,23.5,-57,-56.5,14,22.0,36.0,2,2
6943e16435996ea66e7118f2,1766056292.060000,4,12345678,1,aa2a,315494,0,0.0,936503,0,0.003925,2,"(0,1)",48,6,-11.0,23.5,-57,-60.0,14,22.0,34.5,2,2
6943e16435996ea66e7118f3,1766056292.110000,4,12345678,1,aa2a,315536,0,0.0,936557,0,0.003925,2,"(0,1)",48,6,-11.0,23.5,-70,-63.0,14,32.0,16.5,2,2
6943e16435996ea66e7118f4,1766056292.160000,4,12345678,1,aa2a,315536,0,0.0,936557,0,0.003925,2,"(0,1)",48,6,-11.0,23.5,-70,-63.0,14,32.0,16.5,2,2
6943e16435996ea66e7118f5,1766056292.211000,4,12345678,1,aa2a,315536,0,0.0,936581,1,0.003532,2,"(0,1)",44,6,-11.0,23.5,-70,-61.3,14,32.0,38.0,2,2
6943e16435996ea66e7118f6,1766056292.261000,4,12345678,1,aa2a,315536,0,0.0,936581,1,0.003532,2,"(0,1)",44,6,-11.0,23.5,-70,-61.3,14,32.0,38.0,2,2
6943e16435996ea66e7118f7,1766056292.311000,4,12345678,1,aa2a,315536,0,0.0,936599,0,0.003179,2,"(0,1)",44,6,-11.0,23.5,-70,-53.7,14,32.0,39.0,2,2
6943e16435996ea66e7118f8,1766056292.361000,4,12345678,1,aa2a,315536,0,0.0,936599,0,0.003179,2,"(0,1)",44,6,-11.0,23.5,-70,-53.7,14,32.0,39.0,2,2
6943e16435996ea66e7118f9,1766056292.411000,4,12345678,1,aa2a,315536,0,0.0,936617,0,0.002861,2,"(0,1)",46,6,-11.0,23.5,-70,-52.8,14,32.0,38.0,2,2
6943e16435996ea66e7118fa,1766056292.461000,4,12345678,1,aa2a,315536,0,0.0,936617,0,0.002861,2,"(0,1)",46,6,-11.0,23.5,-70,-52.8,14,32.0,38.0,2,2
6943e16535996ea66e7119a1,1766056292.510000,4,12345678,1,aa2a,315536,0,0.0,936635,0,0.002575,2,"(0,1)",48,6,-11.0,23.5,-70,-60.0,14,32.0,32.5,2,2
6943e16535996ea66e7119a2,1766056292.560000,4,12345678,1,aa2a,315536,0,0.0,936635,0,0.002575,2,"(0,1)",48,6,-11.0,23.5,-70,-60.0,14,32.0,32.5,2,2
6943e16535996ea66e7119a3,1766056292.610000,4,12345678,1,aa2a,315536,0,0.0,936653,0,0.002317,2,"(0,1)",48,6,-11.0,23.5,-70,-60.0,14,32.0,32.0,2,2
6943e16535996ea66e7119a4,1766056292.660000,4,12345678,1,aa2a,315536,0,0.0,936653,0,0.002317,2,"(0,1)",48,6,-11.0,23.5,-70,-60.0,14,32.0,32.0,2,2
6943e16535996ea66e7119a5,1766056292.710000,4,12345678,1,aa2a,315536,0,0.0,936671,0,0.002086,2,"(0,1)",50,6,-11.0,23.5,-70,-66.2,14,32.0,29.5,2,2
6943e16535996ea66e7119a6,1766056292.761000,4,12345678,1,aa2a,315536,0,0.0,936671,0,0.002086,2,"(0,1)",50,6,-11.0,23.5,-70,-66.2,14,32.0,29.5,2,2
6943e16535996ea66e7119a7,1766056292.811000,4,12345678,1,aa2a,315536,0,0.0,936689,0,0.001877,2,"(0,1)",52,6,-11.0,23.5,-70,-66.0,14,32.0,37.0,2,2
6943e16535996ea66e7119a8,1766056292.861000,4,12345678,1,aa2a,315536,0,0.0,936689,0,0.001877,2,"(0,1)",52,6,-11.0,23.5,-70,-66.0,14,32.0,37.0,2,2
6943e16535996ea66e7119a9,1766056292.911000,4,12345678,1,aa2a,315536,0,0.0,936707,0,0.001689,2,"(0,1)",52,6,-11.0,23.5,-70,-59.1,14,32.0,43.0,2,2
6943e16535996ea66e7119aa,1766056292.961000,4,12345678,1,aa2a,315574,0,0.0,936707,0,0.001689,2,"(0,1)",52,6,-11.0,23.5,-70,-59.1,14,32.0,43.0,2,2
6943e16535996ea66e7119ab,1766056293.011000,4,12345678,1,aa2a,315574,0,0.0,936725,0,0.00152,2,"(0,1)",54,6,-11.0,23.5,-70,-54.0,14,32.0,44.0,2,2
6943e16535996ea66e7119ac,1766056293.061000,4,12345678,1,aa2a,315574,0,0.0,936725,0,0.00152,2,"(0,1)",54,6,-11.0,23.5,-70,-54.0,14,32.0,44.0,2,2
6943e16535996ea66e7119ad,1766056293.111000,4,12345678,1,aa2a,315616,0,0.0,936797,0,0.001368,2,"(0,1)",54,6,-11.0,23.5,-71,-57.0,14,22.0,19.0,2,2
6943e16535996ea66e7119ae,1766056293.161000,4,12345678,1,aa2a,315616,0,0.0,936797,0,0.001368,2,"(0,1)",54,6,-11.0,23.5,-71,-57.0,14,22.0,19.0,2,2
6943e16535996ea66e7119af,1766056293.211000,4,12345678,1,aa2a,315616,0,0.0,936821,1,0.001232,2,"(0,1)",54,6,-11.0,23.5,-71,-55.6,14,22.0,42.0,2,2
6943e16535996ea66e7119b0,1766056293.261000,4,12345678,1,aa2a,315616,0,0.0,936821,1,0.001232,2,"(0,1)",54,6,-11.0,23.5,-71,-55.6,14,22.0,42.0,2,2
6943e16535996ea66e7119b1,1766056293.311000,4,12345678,1,aa2a,315616,0,0.0,936839,0,0.001108,2,"(0,1)",54,6,-11.0,23.5,-71,-63.0,14,22.0,41.5,2,2
6943e16535996ea66e7119b2,1766056293.361000,4,12345678,1,aa2a,315616,0,0.0,936839,0,0.001108,2,"(0,1)",54,6,-11.0,23.5,-71,-63.0,14,22.0,41.5,2,2
6943e16535996ea66e7119b3,1766056293.411000,4,12345678,1,aa2a,315616,0,0.0,936857,0,0.000998,2,"(0,1)",54,6,-11.0,23.5,-71,-63.0,14,22.0,36.0,2,2
6943e16535996ea66e7119b4,1766056293.461000,4,12345678,1,aa2a,315616,0,0.0,936857,0,0.000998,2,"(0,0)",54,6,-11.0,23.5,-71,-63.0,14,22.0,36.0,2,2
6943e16635996ea66e711a61,1766056293.511000,4,12345678,1,aa2a,315616,0,0.0,936875,0,0.000898,2,"(0,1)",54,6,-11.0,23.5,-71,-66.0,14,22.0,34.0,2,2
6943e16635996ea66e711a62,1766056293.561000,4,12345678,1,aa2a,315616,0,0.0,936875,0,0.000898,2,"(0,1)",54,6,-11.0,23.5,-71,-66.0,14,22.0,34.0,2,2
6943e16635996ea66e711a63,1766056293.611000,4,12345678,1,aa2a,315616,0,0.0,936893,0,0.000808,2,"(0,1)",54,6,-11.0,23.5,-71,-63.0,14,22.0,34.0,2,2
6943e16635996ea66e711a64,1766056293.661000,4,12345678,1,aa2a,315616,0,0.0,936893,0,0.000808,2,"(0,1)",54,6,-11.0,23.5,-71,-63.0,14,22.0,34.0,2,2
6943e16635996ea66e711a65,1766056293.711000,4,12345678,1,aa2a,315616,0,0.0,936911,0,0.000727,2,"(0,1)",54,6,-11.0,23.5,-71,-61.3,14,22.0,38.0,2,2
6943e16635996ea66e711a66,1766056293.761000,4,12345678,1,aa2a,315616,0,0.0,936911,0,0.000727,2,"(0,0)",54,6,-11.0,23.5,-71,-61.3,14,22.0,38.0,2,2
6943e16635996ea66e711a67,1766056293.811000,4,12345678,1,aa2a,315616,0,0.0,936929,0,0.000655,2,"(0,1)",54,6,-11.0,23.5,-71,-60.0,14,22.0,37.0,2,2
6943e16635996ea66e711a68,1766056293.860000,4,12345678,1,aa2a,315616,0,0.0,936929,0,0.000655,2,"(0,1)",54,6,-11.0,23.5,-71,-60.0,14,22.0,37.0,2,2
6943e16635996ea66e711a69,1766056293.910000,4,12345678,1,aa2a,315616,0,0.0,936947,0,0.000589,2,"(0,1)",54,6,-11.0,23.5,-71,-59.1,14,22.0,39.5,2,2
6943e16635996ea66e711a6a,1766056293.960000,4,12345678,1,aa2a,315654,0,0.0,936947,0,0.000589,2,"(0,1)",54,6,-11.0,23.5,-71,-59.1,14,22.0,39.5,2,2
6943e16635996ea66e711a6b,1766056294.011000,4,12345678,1,aa2a,315654,0,0.0,936965,0,0.00053,2,"(0,1)",54,6,-11.0,23.5,-71,-57.6,14,22.0,40.0,2,2
6943e16635996ea66e711a6c,1766056294.061000,4,12345678,1,aa2a,315654,0,0.0,936965,0,0.00053,2,"(0,1)",54,6,-11.0,23.5,-71,-57.6,14,22.0,40.0,2,2
6943e16635996ea66e711a6d,1766056294.111000,4,12345678,1,aa2a,315654,0,0.0,937003,0,0.000477,2,"(0,1)",54,6,-11.0,23.5,-71,-63.0,14,22.0,14.0,2,2
6943e16635996ea66e711a6e,1766056294.161000,4,12345678,1,aa2a,315696,0,0.0,937037,0,0.000477,2,"(0,1)",54,6,-11.0,23.5,-73,-63.0,14,27.0,18.0,2,2
6943e16635996ea66e711a6f,1766056294.211000,4,12345678,1,aa2a,315696,0,0.0,937061,1,0.000429,2,"(0,1)",54,6,-11.0,23.5,-73,-61.3,14,27.0,35.0,2,2
6943e16635996ea66e711a70,1766056294.261000,4,12345678,1,aa2a,315696,0,0.0,937061,1,0.000429,2,"(0,1)",54,6,-11.0,23.5,-73,-61.3,14,27.0,35.0,2,2
6943e16635996ea66e711a71,1766056294.311000,4,12345678,1,aa2a,315696,0,0.0,937079,0,0.000386,2,"(0,1)",54,6,-11.0,23.5,-73,-61.3,14,27.0,34.0,2,2
6943e16635996ea66e711a72,1766056294.361000,4,12345678,1,aa2a,315696,0,0.0,937079,0,0.000386,2,"(0,1)",54,6,-11.0,23.5,-73,-61.3,14,27.0,34.0,2,2
6943e16635996ea66e711a73,1766056294.411000,4,12345678,1,aa2a,315696,0,0.0,937097,0,0.000348,2,"(0,1)",54,6,-11.0,23.5,-73,-60.0,14,27.0,31.0,2,2
6943e16635996ea66e711a74,1766056294.461000,4,12345678,1,aa2a,315696,0,0.0,937097,0,0.000348,2,"(0,1)",54,6,-11.0,23.5,-73,-60.0,14,27.0,31.0,2,2
6943e16635996ea66e711a75,1766056294.511000,4,12345678,1,aa2a,315696,0,0.0,937115,0,0.000313,2,"(0,1)",54,6,-11.0,23.5,-73,-66.0,14,27.0,27.5,2,2
6943e16735996ea66e711b1f,1766056294.561000,4,12345678,1,aa2a,315696,0,0.0,937115,0,0.000313,2,"(0,1)",54,6,-11.0,23.5,-73,-66.0,14,27.0,27.5,2,2
6943e16735996ea66e711b20,1766056294.611000,4,12345678,1,aa2a,315696,0,0.0,937133,0,0.000282,2,"(0,1)",54,6,-11.0,23.5,-73,-68.9,14,27.0,26.5,2,2
6943e16735996ea66e711b21,1766056294.661000,4,12345678,1,aa2a,315696,0,0.0,937133,0,0.000282,2,"(0,1)",54,6,-11.0,23.5,-73,-68.9,14,27.0,26.5,2,2
6943e16735996ea66e711b22,1766056294.711000,4,12345678,1,aa2a,315696,0,0.0,937151,0,0.000254,2,"(0,1)",54,6,-11.0,23.5,-73,-61.3,14,27.0,32.5,2,2
6943e16735996ea66e711b23,1766056294.761000,4,12345678,1,aa2a,315696,0,0.0,937151,0,0.000254,2,"(0,0)",54,6,-11.0,23.5,-73,-61.3,14,27.0,32.5,2,2
6943e16735996ea66e711b24,1766056294.811000,4,12345678,1,aa2a,315696,0,0.0,937169,0,0.000228,2,"(0,1)",54,6,-11.0,23.5,-73,-66.0,14,27.0,30.5,2,2
6943e16735996ea66e711b25,1766056294.861000,4,12345678,1,aa2a,315696,0,0.0,937169,0,0.000228,2,"(0,1)",54,6,-11.0,23.5,-73,-66.0,14,27.0,30.5,2,2
6943e16735996ea66e711b26,1766056294.911000,4,12345678,1,aa2a,315696,0,0.0,937187,0,0.000205,2,"(0,1)",54,6,-11.0,23.5,-73,-59.1,14,27.0,33.5,2,2
6943e16735996ea66e711b27,1766056294.960000,4,12345678,1,aa2a,315734,0,0.0,937187,0,0.000205,2,"(0,1)",54,6,-11.0,23.5,-73,-59.1,14,27.0,33.5,2,2
6943e16735996ea66e711b28,1766056295.011000,4,12345678,1,aa2a,315734,0,0.0,937205,0,0.000185,2,"(0,1)",54,6,-11.0,23.5,-73,-68.6,14,27.0,24.5,2,2
6943e16735996ea66e711b29,1766056295.061000,4,12345678,1,aa2a,315734,0,0.0,937205,0,0.000185,2,"(0,1)",54,6,-11.0,23.5,-73,-68.6,14,27.0,24.5,2,2
6943e16735996ea66e711b2a,1766056295.111000,4,12345678,1,aa2a,315734,0,0.0,937223,0,0.000166,2,"(0,1)",54,6,-11.0,23.5,-73,-66.0,14,27.0,32.0,2,2
6943e16735996ea66e711b2b,1766056295.161000,4,12345678,1,aa2a,315776,0,0.0,937277,0,0.000166,2,"(0,1)",54,6,-11.0,23.5,-73,-67.4,14,29.0,7.0,2,2
6943e16735996ea66e711b2c,1766056295.211000,4,12345678,1,aa2a,315776,0,0.0,937277,0,0.000166,2,"(0,1)",54,6,-11.0,23.5,-73,-67.4,14,29.0,7.0,2,2
6943e16735996ea66e711b2d,1766056295.261000,4,12345678,1,aa2a,315776,0,0.0,937301,1,0.00015,2,"(0,1)",54,6,-11.0,23.5,-73,-66.6,14,29.0,28.5,2,2
6943e16735996ea66e711b2e,1766056295.311000,4,12345678,1,aa2a,315776,0,0.0,937301,1,0.00015,2,"(0,1)",54,6,-11.0,23.5,-73,-66.6,14,29.0,28.5,2,2
6943e16735996ea66e711b2f,1766056295.361000,4,12345678,1,aa2a,315776,0,0.0,937319,0,0.000135,2,"(0,1)",54,6,-11.0,23.5,-73,-69.2,14,29.0,29.0,2,2
6943e16735996ea66e711b30,1766056295.411000,4,12345678,1,aa2a,315776,0,0.0,937319,0,0.000135,2,"(0,1)",54,6,-11.0,23.5,-73,-69.2,14,29.0,29.0,2,2
6943e16735996ea66e711b31,1766056295.461000,4,12345678,1,aa2a,315776,0,0.0,937337,0,0.000121,2,"(0,1)",54,6,-11.0,23.5,-73,-68.1,14,29.0,28.5,2,2
6943e16835996ea66e711bdc,1766056295.511000,4,12345678,1,aa2a,315776,0,0.0,937337,0,0.000121,2,"(0,1)",54,6,-11.0,23.5,-73,-68.1,14,29.0,28.5,2,2
6943e16835996ea66e711bdd,1766056295.561000,4,12345678,1,aa2a,315776,0,0.0,937355,0,0.000109,2,"(0,1)",54,6,-11.0,23.5,-73,-66.0,14,29.0,26.0,2,2
6943e16835996ea66e711bde,1766056295.611000,4,12345678,1,aa2a,315776,0,0.0,937355,0,0.000109,2,"(0,1)",54,6,-11.0,23.5,-73,-66.0,14,29.0,26.0,2,2
6943e16835996ea66e711bdf,1766056295.661000,4,12345678,1,aa2a,315776,0,0.0,937373,0,9.8e-05,2,"(0,1)",54,6,-11.0,23.5,-73,-66.0,14,29.0,28.0,2,2
6943e16835996ea66e711be0,1766056295.711000,4,12345678,1,aa2a,315776,0,0.0,937373,0,9.8e-05,2,"(0,1)",54,6,-11.0,23.5,-73,-66.0,14,29.0,28.0,2,2
6943e16835996ea66e711be1,1766056295.761000,4,12345678,1,aa2a,315776,0,0.0,937391,0,8.8e-05,2,"(0,1)",54,6,-11.0,23.5,-73,-66.0,14,29.0,29.5,2,2
6943e16835996ea66e711be2,1766056295.811000,4,12345678,1,aa2a,315776,0,0.0,937391,0,8.8e-05,2,"(0,1)",54,6,-11.0,23.5,-73,-66.0,14,29.0,29.5,2,2
6943e16835996ea66e711be3,1766056295.861000,4,12345678,1,aa2a,315776,0,0.0,937409,0,8e-05,2,"(0,1)",54,6,-11.0,23.5,-73,-67.2,14,29.0,26.5,2,2
6943e16835996ea66e711be4,1766056295.911000,4,12345678,1,aa2a,315776,0,0.0,937409,0,8e-05,2,"(0,1)",54,6,-11.0,23.5,-73,-67.2,14,29.0,26.5,2,2
6943e16835996ea66e711be5,1766056295.961000,4,12345678,1,aa2a,315814,0,0.0,937427,0,7.2e-05,2,"(0,1)",54,6,-11.0,23.5,-73,-66.0,14,29.0,12.0,2,2
6943e16835996ea66e711be6,1766056296.010000,4,12345678,1,aa2a,315814,0,0.0,937427,0,7.2e-05,2,"(0,1)",54,6,-11.0,23.5,-73,-66.0,14,29.0,12.0,2,2
6943e16835996ea66e711be7,1766056296.060000,4,12345678,1,aa2a,315814,0,0.0,937445,0,6.4e-05,2,"(0,1)",54,6,-11.0,23.5,-73,-61.3,14,29.0,30.0,2,2
6943e16835996ea66e711be8,1766056296.111000,4,12345678,1,aa2a,315814,0,0.0,937445,0,6.4e-05,2,"(0,1)",54,6,-11.0,23.5,-73,-61.3,14,29.0,30.0,2,2
6943e16835996ea66e711be9,1766056296.161000,4,12345678,1,aa2a,315856,0,0.0,937517,0,5.8e-05,2,"(0,1)",54,6,-10.5,23.5,-69,-68.9,14,16.0,3.5,2,2
6943e16835996ea66e711bea,1766056296.211000,4,12345678,1,aa2a,315856,0,0.0,937517,0,5.8e-05,2,"(0,1)",54,6,-10.5,23.5,-69,-68.9,14,16.0,3.5,2,2
6943e16835996ea66e711beb,1766056296.261000,4,12345678,1,aa2a,315856,0,0.0,937541,1,5.2e-05,2,"(0,1)",54,6,-10.5,23.5,-69,-52.6,14,16.0,39.0,2,2
6943e16835996ea66e711bec,1766056296.311000,4,12345678,1,aa2a,315856,0,0.0,937541,1,5.2e-05,2,"(0,1)",54,6,-10.5,23.5,-69,-52.6,14,16.0,39.0,2,2
6943e16835996ea66e711bed,1766056296.361000,4,12345678,1,aa2a,315856,0,0.0,937559,0,4.7e-05,2,"(0,0)",54,6,-10.5,23.5,-69,-66.0,14,16.0,26.5,2,2
6943e16835996ea66e711bee,1766056296.411000,4,12345678,1,aa2a,315856,0,0.0,937559,0,4.7e-05,2,"(0,0)",54,6,-10.5,23.5,-69,-66.0,14,16.0,26.5,2,2
6943e16835996ea66e711bef,1766056296.461000,4,12345678,1,aa2a,315856,0,0.0,937577,0,4.2e-05,2,"(0,0)",54,6,-10.5,23.5,-69,-63.0,14,16.0,30.0,2,2
6943e16835996ea66e711bf0,1766056296.511000,4,12345678,1,aa2a,315856,0,0.0,937577,0,4.2e-05,2,"(0,1)",54,6,-10.5,23.5,-69,-63.0,15,16.0,30.0,2,2
6943e16835996ea66e711bf1,1766056296.561000,4,12345678,1,aa2a,315856,0,0.0,937595,0,3.8e-05,2,"(0,1)",54,6,-10.5,23.5,-69,-66.0,14,16.0,31.0,2,2
6943e16935996ea66e711c97,1766056296.611000,4,12345678,1,aa2a,315856,0,0.0,937595,0,3.8e-05,2,"(0,1)",54,6,-10.5,23.5,-69,-66.0,14,16.0,31.0,2,2
6943e16935996ea66e711c98,1766056296.661000,4,12345678,1,aa2a,315856,0,0.0,937613,0,3.4e-05,2,"(0,0)",54,6,-10.5,23.5,-69,-63.0,14,16.0,34.5,2,2
6943e16935996ea66e711c99,1766056296.711000,4,12345678,1,aa2a,315856,0,0.0,937613,0,3.4e-05,2,"(0,0)",54,6,-10.5,23.5,-69,-63.0,14,16.0,34.5,2,2
6943e16935996ea66e711c9a,1766056296.761000,4,12345678,1,aa2a,315856,0,0.0,937631,0,3.1e-05,2,"(0,0)",54,6,-10.5,23.5,-69,-61.3,14,16.0,31.0,2,2
6943e16935996ea66e711c9b,1766056296.811000,4,12345678,1,aa2a,315856,0,0.0,937631,0,3.1e-05,2,"(0,1)",54,6,-10.5,23.5,-69,-61.3,14,16.0,31.0,2,2
6943e16935996ea66e711c9c,1766056296.861000,4,12345678,1,aa2a,315856,0,0.0,937649,0,2.8e-05,2,"(0,1)",54,6,-10.5,23.5,-69,-60.0,14,16.0,33.0,2,2
6943e16935996ea66e711c9d,1766056296.910000,4,12345678,1,aa2a,315856,0,0.0,937649,0,2.8e-05,2,"(0,1)",54,6,-10.5,23.5,-69,-60.0,14,16.0,33.0,2,2
6943e16935996ea66e711c9e,1766056296.960000,4,12345678,1,aa2a,315894,0,0.0,937667,0,2.5e-05,2,"(0,1)",54,6,-10.5,23.5,-69,-59.1,14,16.0,32.5,2,2
6943e16935996ea66e711c9f,1766056297.010000,4,12345678,1,aa2a,315894,0,0.0,937667,0,2.5e-05,2,"(0,1)",54,6,-10.5,23.5,-69,-59.1,14,16.0,32.5,2,2
6943e16935996ea66e711ca0,1766056297.060000,4,12345678,1,aa2a,315894,0,0.0,937685,0,2.2e-05,2,"(0,1)",54,6,-10.5,23.5,-69,-59.1,14,16.0,34.0,2,2
6943e16935996ea66e711ca1,1766056297.111000,4,12345678,1,aa2a,315894,0,0.0,937685,0,2.2e-05,2,"(0,1)",54,6,-10.5,23.5,-69,-59.1,14,16.0,34.0,2,2
6943e16935996ea66e711ca2,1766056297.161000,4,12345678,1,aa2a,315894,0,0.0,937703,0,2e-05,2,"(0,1)",54,6,-10.5,23.5,-69,-60.0,14,16.0,33.0,2,2
6943e16935996ea66e711ca3,1766056297.211000,4,12345678,1,aa2a,315936,0,0.0,937757,0,2e-05,2,"(0,1)",54,6,-10.5,23.5,-68,-63.0,14,29.0,11.5,2,2
6943e16935996ea66e711ca4,1766056297.260000,4,12345678,1,aa2a,315936,0,0.0,937757,0,2e-05,2,"(0,1)",54,6,-10.5,23.5,-68,-63.0,14,29.0,11.5,2,2
6943e16935996ea66e711ca5,1766056297.311000,4,12345678,1,aa2a,315936,0,0.0,937781,1,1.8e-05,2,"(0,1)",54,6,-10.5,23.5,-68,-71.7,14,29.0,25.5,2,2
6943e16935996ea66e711ca6,1766056297.361000,4,12345678,1,aa2a,315936,0,0.0,937781,1,1.8e-05,2,"(0,1)",54,6,-10.5,23.5,-68,-71.7,14,29.0,25.5,2,2
6943e16935996ea66e711ca7,1766056297.411000,4,12345678,1,aa2a,315936,0,0.0,937799,0,1.6e-05,2,"(0,1)",54,6,-10.5,23.5,-68,-72.4,14,29.0,25.0,2,2
6943e16935996ea66e711ca8,1766056297.461000,4,12345678,1,aa2a,315936,0,0.0,937799,0,1.6e-05,2,"(0,1)",54,6,-10.5,23.5,-68,-72.4,14,29.0,25.0,2,2
6943e16935996ea66e711ca9,1766056297.511000,4,12345678,1,aa2a,315936,0,0.0,937817,0,1.5e-05,2,"(0,1)",54,6,-10.5,23.5,-68,-66.8,14,29.0,26.5,2,2
6943e16935996ea66e711caa,1766056297.561000,4,12345678,1,aa2a,315936,0,0.0,937817,0,1.5e-05,2,"(0,1)",54,6,-10.5,23.5,-68,-66.8,14,29.0,26.5,2,2
6943e16935996ea66e711cab,1766056297.610000,4,12345678,1,aa2a,315936,0,0.0,937835,0,1.3e-05,2,"(0,1)",54,6,-10.5,23.5,-68,-63.0,14,29.0,28.0,2,2
6943e16935996ea66e711cac,1766056297.660000,4,12345678,1,aa2a,315936,0,0.0,937835,0,1.3e-05,2,"(0,1)",54,6,-10.5,23.5,-68,-63.0,14,29.0,28.0,2,2
6943e16a35996ea66e711d5c,1766056297.711000,4,12345678,1,aa2a,315936,0,0.0,937853,0,1.2e-05,2,"(0,1)",54,6,-10.5,23.5,-68,-66.0,14,29.0,27.0,2,2
6943e16a35996ea66e711d5d,1766056297.761000,4,12345678,1,aa2a,315936,0,0.0,937853,0,1.2e-05,2,"(0,1)",54,6,-10.5,23.5,-68,-66.0,14,29.0,27.0,2,2
6943e16a35996ea66e711d5e,1766056297.811000,4,12345678,1,aa2a,315936,0,0.0,937871,0,1.1e-05,2,"(0,1)",54,6,-10.5,23.5,-68,-68.5,14,29.0,23.5,2,2
6943e16a35996ea66e711d5f,1766056297.861000,4,12345678,1,aa2a,315936,0,0.0,937871,0,1.1e-05,2,"(0,1)",54,6,-10.5,23.5,-68,-68.5,14,29.0,23.5,2,2
6943e16a35996ea66e711d60,1766056297.911000,4,12345678,1,aa2a,315936,0,0.0,937889,0,1e-05,2,"(0,1)",60,6,-10.5,23.5,-68,-70.8,14,29.0,1.0,2,2
6943e16a35996ea66e711d61,1766056297.961000,4,12345678,1,aa2a,315974,0,0.0,937889,0,1e-05,2,"(0,1)",60,6,-10.5,23.5,-68,-70.8,14,29.0,1.0,2,2
6943e16a35996ea66e711d62,1766056298.010000,4,12345678,1,aa2a,315974,0,0.0,937907,0,0.100009,2,"(0,1)",54,6,-10.5,23.5,-68,-68.1,14,29.0,25.5,2,2
6943e16a35996ea66e711d63,1766056298.061000,4,12345678,1,aa2a,315974,0,0.0,937907,0,0.100009,2,"(0,1)",54,6,-10.5,23.5,-68,-68.1,14,29.0,25.5,2,2
6943e16a35996ea66e711d64,1766056298.111000,4,12345678,1,aa2a,315974,0,0.0,937925,0,0.090008,2,"(0,1)",54,6,-10.5,23.5,-68,-66.0,14,29.0,27.0,2,2
6943e16a35996ea66e711d65,1766056298.161000,4,12345678,1,aa2a,315974,0,0.0,937925,0,0.090008,2,"(0,1)",54,6,-10.5,23.5,-68,-66.0,14,29.0,27.0,2,2
6943e16a35996ea66e711d66,1766056298.211000,4,12345678,1,aa2a,316016,0,0.0,937997,0,0.081007,2,"(0,1)",54,6,-11.0,23.5,-59,-68.1,14,22.0,6.0,2,2
6943e16a35996ea66e711d67,1766056298.261000,4,12345678,1,aa2a,316016,0,0.0,937997,0,0.081007,2,"(0,1)",54,6,-11.0,23.5,-59,-68.1,14,22.0,6.0,2,2
6943e16a35996ea66e711d68,1766056298.310000,4,12345678,1,aa2a,316016,0,0.0,938015,0,0.097906,2,"(0,1)",54,6,-11.0,23.5,-59,-66.0,14,22.0,26.5,2,2
6943e16a35996ea66e711d69,1766056298.361000,4,12345678,1,aa2a,316016,0,0.0,938015,0,0.097906,2,"(0,1)",54,6,-11.0,23.5,-59,-66.0,14,22.0,26.5,2,2
6943e16a35996ea66e711d6a,1766056298.411000,4,12345678,1,aa2a,316016,0,0.0,938033,0,0.088116,2,"(0,1)",54,6,-11.0,23.5,-59,-63.0,14,22.0,28.0,2,2
6943e16a35996ea66e711d6b,1766056298.460000,4,12345678,1,aa2a,316016,0,0.0,938033,0,0.088116,2,"(0,1)",54,6,-11.0,23.5,-59,-63.0,14,22.0,28.0,2,2
6943e16a35996ea66e711d6c,1766056298.511000,4,12345678,1,aa2a,316016,0,0.0,938051,0,0.079304,2,"(0,1)",54,6,-11.0,23.5,-59,-63.0,14,22.0,27.5,2,2
6943e16a35996ea66e711d6d,1766056298.561000,4,12345678,1,aa2a,316016,0,0.0,938051,0,0.079304,2,"(0,1)",54,6,-11.0,23.5,-59,-63.0,14,22.0,27.5,2,2
6943e16a35996ea66e711d6e,1766056298.611000,4,12345678,1,aa2a,316016,0,0.0,938069,0,0.071374,2,"(0,1)",60,6,-11.0,23.5,-59,-66.2,14,22.0,3.5,2,2
6943e16a35996ea66e711d6f,1766056298.661000,4,12345678,1,aa2a,316016,0,0.0,938069,0,0.071374,2,"(0,1)",60,6,-11.0,23.5,-59,-66.2,14,22.0,3.5,2,2
6943e16b35996ea66e711e1a,1766056298.711000,4,12345678,1,aa2a,316016,0,0.0,938087,0,0.164236,2,"(0,1)",54,6,-11.0,23.5,-59,-66.0,14,22.0,26.0,2,2
6943e16b35996ea66e711e1b,1766056298.761000,4,12345678,1,aa2a,316016,0,0.0,938087,0,0.164236,2,"(0,1)",54,6,-11.0,23.5,-59,-66.0,14,22.0,26.0,2,2
6943e16b35996ea66e711e1c,1766056298.811000,4,12345678,1,aa2a,316016,0,0.0,938105,0,0.147813,2,"(0,1)",54,6,-11.0,23.5,-59,-63.0,14,22.0,29.0,2,2
6943e16b35996ea66e711e1d,1766056298.861000,4,12345678,1,aa2a,316016,0,0.0,938105,0,0.147813,2,"(0,1)",54,6,-11.0,23.5,-59,-63.0,14,22.0,29.0,2,2
6943e16b35996ea66e711e1e,1766056298.911000,4,12345678,1,aa2a,316016,0,0.0,938123,0,0.133031,2,"(0,1)",54,6,-11.0,23.5,-59,-66.0,14,22.0,27.0,2,2
6943e16b35996ea66e711e1f,1766056298.961000,4,12345678,1,aa2a,316054,0,0.0,938123,0,0.133031,2,"(0,1)",54,6,-11.0,23.5,-59,-66.0,14,22.0,27.0,2,2
6943e16b35996ea66e711e20,1766056299.011000,4,12345678,1,aa2a,316054,0,0.0,938141,0,0.119728,2,"(0,1)",54,6,-11.0,23.5,-59,-67.6,14,22.0,26.0,2,2
6943e16b35996ea66e711e21,1766056299.061000,4,12345678,1,aa2a,316054,0,0.0,938141,0,0.119728,2,"(0,1)",54,6,-11.0,23.5,-59,-67.6,14,22.0,26.0,2,2
6943e16b35996ea66e711e22,1766056299.110000,4,12345678,1,aa2a,316054,0,0.0,938159,0,0.107755,2,"(0,1)",60,6,-11.0,23.5,-59,-69.5,14,22.0,3.5,2,2
6943e16b35996ea66e711e23,1766056299.161000,4,12345678,1,aa2a,316054,0,0.0,938159,0,0.107755,2,"(0,1)",60,6,-11.0,23.5,-59,-69.5,14,22.0,3.5,2,2
6943e16b35996ea66e711e24,1766056299.211000,4,12345678,1,aa2a,316054,0,0.0,938197,0,0.19698,2,"(0,1)",54,6,-11.0,23.5,-59,-70.2,14,22.0,6.0,2,2
6943e16b35996ea66e711e25,1766056299.261000,4,12345678,1,aa2a,316096,0,0.0,938231,0,0.19698,2,"(0,1)",54,6,-11.0,23.5,-58,-56.0,14,20.0,17.0,2,2
6943e16b35996ea66e711e26,1766056299.311000,4,12345678,1,aa2a,316096,0,0.0,938249,0,0.177282,2,"(0,1)",48,6,-11.0,23.5,-58,-53.5,14,20.0,39.0,2,2
6943e16b35996ea66e711e27,1766056299.361000,4,12345678,1,aa2a,316096,0,0.0,938249,0,0.177282,2,"(0,1)",48,6,-11.0,23.5,-58,-53.5,14,20.0,39.0,2,2
6943e16b35996ea66e711e28,1766056299.411000,4,12345678,1,aa2a,316096,0,0.0,938267,0,0.159554,2,"(0,1)",48,6,-11.0,23.5,-58,-54.9,14,20.0,38.0,2,2
6943e16b35996ea66e711e29,1766056299.461000,4,12345678,1,aa2a,316096,0,0.0,938267,0,0.159554,2,"(0,1)",48,6,-11.0,23.5,-58,-54.9,14,20.0,38.0,2,2
6943e16b35996ea66e711e2a,1766056299.511000,4,12345678,1,aa2a,316096,0,0.0,938285,0,0.143598,2,"(0,1)",50,6,-11.0,23.5,-58,-58.3,14,20.0,36.0,2,2
6943e16b35996ea66e711e2b,1766056299.560000,4,12345678,1,aa2a,316096,0,0.0,938285,0,0.143598,2,"(0,1)",50,6,-11.0,23.5,-58,-58.3,14,20.0,36.0,2,2
6943e16b35996ea66e711e2c,1766056299.610000,4,12345678,1,aa2a,316096,0,0.0,938303,0,0.129239,2,"(0,1)",50,6,-11.0,23.5,-58,-66.0,14,20.0,30.0,2,2
6943e16b35996ea66e711e2d,1766056299.660000,4,12345678,1,aa2a,316096,0,0.0,938303,0,0.129239,2,"(0,1)",50,6,-11.0,23.5,-58,-66.0,14,20.0,30.0,2,2
6943e16b35996ea66e711e2e,1766056299.711000,4,12345678,1,aa2a,316096,0,0.0,938321,0,0.116315,2,"(0,1)",52,6,-11.0,23.5,-58,-68.0,14,20.0,33.5,2,2
6943e16b35996ea66e711e2f,1766056299.761000,4,12345678,1,aa2a,316096,0,0.0,938321,0,0.116315,2,"(0,1)",52,6,-11.0,23.5,-58,-68.0,14,20.0,33.5,2,2
6943e16b35996ea66e711e30,1766056299.811000,4,12345678,1,aa2a,316096,0,0.0,938339,0,0.104683,2,"(0,1)",52,6,-11.0,23.5,-58,-68.0,14,20.0,32.5,2,2
6943e16b35996ea66e711e31,1766056299.861000,4,12345678,1,aa2a,316096,0,0.0,938339,0,0.104683,2,"(0,1)",52,6,-11.0,23.5,-58,-68.0,14,20.0,32.5,2,2
6943e16d35996ea66e711eee,1766056299.911000,4,12345678,1,aa2a,316096,0,0.0,938357,0,0.094215,2,"(0,1)",54,6,-11.0,23.5,-58,-63.0,14,20.0,28.5,2,2
6943e16d35996ea66e711eef,1766056299.960000,4,12345678,1,aa2a,316134,0,0.0,938357,0,0.094215,2,"(0,1)",54,6,-11.0,23.5,-58,-63.0,14,20.0,28.5,2,2
6943e16d35996ea66e711ef0,1766056300.010000,4,12345678,1,aa2a,316134,0,0.0,938375,0,0.084793,2,"(0,1)",54,6,-11.0,23.5,-58,-63.0,14,20.0,31.0,2,2
6943e16d35996ea66e711ef1,1766056300.061000,4,12345678,1,aa2a,316134,0,0.0,938375,0,0.084793,2,"(0,1)",54,6,-11.0,23.5,-58,-63.0,14,20.0,31.0,2,2
6943e16d35996ea66e711ef2,1766056300.111000,4,12345678,1,aa2a,316134,0,0.0,938393,0,0.076314,2,"(0,1)",54,6,-11.0,23.5,-58,-69.2,14,20.0,27.5,2,2
6943e16d35996ea66e711ef3,1766056300.160000,4,12345678,1,aa2a,316134,0,0.0,938393,0,0.076314,2,"(0,1)",54,6,-11.0,23.5,-58,-69.2,14,20.0,27.5,2,2
6943e16d35996ea66e711ef4,1766056300.211000,4,12345678,1,aa2a,316134,0,0.0,938411,0,0.068683,2,"(0,1)",54,6,-11.0,23.5,-58,-68.6,14,20.0,28.5,2,2
6943e16d35996ea66e711ef5,1766056300.261000,4,12345678,1,aa2a,316176,0,0.0,938465,0,0.068683,2,"(0,1)",54,6,-10.5,23.5,-56,-63.0,14,21.0,12.5,2,2
6943e16d35996ea66e711ef6,1766056300.311000,4,12345678,1,aa2a,316176,0,0.0,938465,0,0.068683,2,"(0,1)",54,6,-10.5,23.5,-56,-63.0,14,21.0,12.5,2,2
6943e16d35996ea66e711ef7,1766056300.361000,4,12345678,1,aa2a,316176,0,0.0,938483,0,0.061814,2,"(0,1)",50,6,-10.5,23.5,-56,-66.0,14,21.0,34.0,2,2
6943e16d35996ea66e711ef8,1766056300.411000,4,12345678,1,aa2a,316176,0,0.0,938483,0,0.061814,2,"(0,1)",50,6,-10.5,23.5,-56,-66.0,14,21.0,34.0,2,2
6943e16d35996ea66e711ef9,1766056300.461000,4,12345678,1,aa2a,316176,0,0.0,938501,0,0.055633,2,"(0,1)",52,6,-10.5,23.5,-56,-61.3,14,21.0,34.5,2,2
6943e16d35996ea66e711efa,1766056300.511000,4,12345678,1,aa2a,316176,0,0.0,938501,0,0.055633,2,"(0,1)",52,6,-10.5,23.5,-56,-61.3,14,21.0,34.5,2,2
6943e16d35996ea66e711efb,1766056300.561000,4,12345678,1,aa2a,316176,0,0.0,938519,0,0.05007,2,"(0,1)",52,6,-10.5,23.5,-56,-60.0,14,21.0,32.0,2,2
6943e16d35996ea66e711efc,1766056300.611000,4,12345678,1,aa2a,316176,0,0.0,938519,0,0.05007,2,"(0,1)",52,6,-10.5,23.5,-56,-60.0,14,21.0,32.0,2,2
6943e16d35996ea66e711efd,1766056300.661000,4,12345678,1,aa2a,316176,0,0.0,938537,0,0.045063,2,"(0,1)",54,6,-10.5,23.5,-56,-63.0,14,21.0,32.5,2,2
6943e16d35996ea66e711efe,1766056300.710000,4,12345678,1,aa2a,316176,0,0.0,938537,0,0.045063,2,"(0,1)",54,6,-10.5,23.5,-56,-63.0,14,21.0,32.5,2,2
6943e16d35996ea66e711eff,1766056300.761000,4,12345678,1,aa2a,316176,0,0.0,938555,0,0.040556,2,"(0,1)",54,6,-10.5,23.5,-56,-66.0,14,21.0,34.0,2,2
6943e16d35996ea66e711f00,1766056300.811000,4,12345678,1,aa2a,316176,0,0.0,938555,0,0.040556,2,"(0,1)",54,6,-10.5,23.5,-56,-66.0,14,21.0,34.0,2,2
6943e16d35996ea66e711f01,1766056300.861000,4,12345678,1,aa2a,316176,0,0.0,938573,0,0.036501,2,"(0,1)",54,6,-10.5,23.5,-56,-67.6,14,21.0,30.0,2,2
6943e16d35996ea66e711f02,1766056300.911000,4,12345678,1,aa2a,316176,0,0.0,938573,0,0.036501,2,"(0,1)",54,6,-10.5,23.5,-56,-67.6,14,21.0,30.0,2,2
6943e16e35996ea66e711fa0,1766056300.961000,4,12345678,1,aa2a,316214,0,0.0,938591,0,0.032851,2,"(0,1)",54,6,-10.5,23.5,-56,-67.6,14,21.0,14.5,2,2
6943e16e35996ea66e711fa1,1766056301.011000,4,12345678,1,aa2a,316214,0,0.0,938591,0,0.032851,2,"(0,1)",54,6,-10.5,23.5,-56,-67.6,14,21.0,14.5,2,2
6943e16e35996ea66e711fa2,1766056301.061000,4,12345678,1,aa2a,316214,0,0.0,938609,0,0.029566,2,"(0,1)",54,6,-10.5,23.5,-56,-66.5,14,21.0,30.5,2,2
6943e16e35996ea66e711fa3,1766056301.111000,4,12345678,1,aa2a,316214,0,0.0,938609,0,0.029566,2,"(0,1)",54,6,-10.5,23.5,-56,-66.5,14,21.0,30.5,2,2
6943e16e35996ea66e711fa4,1766056301.161000,4,12345678,1,aa2a,316214,0,0.0,938627,0,0.026609,2,"(0,1)",54,6,-10.5,23.5,-56,-68.0,14,21.0,29.5,2,2
6943e16e35996ea66e711fa5,1766056301.211000,4,12345678,1,aa2a,316214,0,0.0,938627,0,0.026609,2,"(0,1)",54,6,-10.5,23.5,-56,-68.0,14,21.0,29.5,2,2
6943e16e35996ea66e711fa6,1766056301.261000,4,12345678,1,aa2a,316256,0,0.0,938699,0,0.023948,2,"(0,1)",54,6,-10.5,23.5,-55,-63.0,14,20.0,10.5,2,2
6943e16e35996ea66e711fa7,1766056301.311000,4,12345678,1,aa2a,316256,0,0.0,938699,0,0.023948,2,"(0,1)",54,6,-10.5,23.5,-55,-63.0,14,20.0,10.5,2,2
6943e16e35996ea66e711fa8,1766056301.361000,4,12345678,1,aa2a,316256,0,0.0,938723,1,0.021553,2,"(0,1)",48,6,-10.5,23.5,-55,-59.1,14,20.0,37.0,2,2
6943e16e35996ea66e711fa9,1766056301.411000,4,12345678,1,aa2a,316256,0,0.0,938723,1,0.021553,2,"(0,1)",48,6,-10.5,23.5,-55,-59.1,14,20.0,37.0,2,2
6943e16e35996ea66e711faa,1766056301.460000,4,12345678,1,aa2a,316256,0,0.0,938741,0,0.019398,2,"(0,1)",50,6,-10.5,23.5,-55,-63.0,14,20.0,37.0,2,2
6943e16e35996ea66e711fab,1766056301.511000,4,12345678,1,aa2a,316256,0,0.0,938741,0,0.019398,2,"(0,1)",50,6,-10.5,23.5,-55,-63.0,14,20.0,37.0,2,2
6943e16e35996ea66e711fac,1766056301.561000,4,12345678,1,aa2a,316256,0,0.0,938759,0,0.017458,2,"(0,1)",52,6,-10.5,23.5,-55,-66.2,14,20.0,36.5,2,2
6943e16e35996ea66e711fad,1766056301.611000,4,12345678,1,aa2a,316256,0,0.0,938759,0,0.017458,2,"(0,1)",52,6,-10.5,23.5,-55,-66.2,14,20.0,36.5,2,2
6943e16e35996ea66e711fae,1766056301.661000,4,12345678,1,aa2a,316256,0,0.0,938777,0,0.015712,2,"(0,1)",52,6,-10.5,23.5,-55,-66.0,14,20.0,33.0,2,2
6943e16e35996ea66e711faf,1766056301.711000,4,12345678,1,aa2a,316256,0,0.0,938777,0,0.015712,2,"(0,1)",52,6,-10.5,23.5,-55,-66.0,14,20.0,33.0,2,2
6943e16e35996ea66e711fb0,1766056301.760000,4,12345678,1,aa2a,316256,0,0.0,938795,0,0.014141,2,"(0,1)",54,6,-10.5,23.5,-55,-69.8,14,20.0,32.5,2,2
6943e16e35996ea66e711fb1,1766056301.811000,4,12345678,1,aa2a,316256,0,0.0,938795,0,0.014141,2,"(0,1)",54,6,-10.5,23.5,-55,-69.8,14,20.0,32.5,2,2
6943e16e35996ea66e711fb2,1766056301.861000,4,12345678,1,aa2a,316256,0,0.0,938813,0,0.012727,2,"(0,1)",54,6,-10.5,23.5,-55,-66.5,14,20.0,29.5,2,2
6943e16f35996ea66e71205a,1766056301.911000,4,12345678,1,aa2a,316256,0,0.0,938813,0,0.012727,2,"(0,1)",54,6,-10.5,23.5,-55,-66.5,14,20.0,29.5,2,2
6943e16f35996ea66e71205b,1766056301.961000,4,12345678,1,aa2a,316294,0,0.0,938831,0,0.011454,2,"(0,1)",54,6,-10.5,23.5,-55,-66.0,14,20.0,29.0,2,2
6943e16f35996ea66e71205c,1766056302.011000,4,12345678,1,aa2a,316294,0,0.0,938831,0,0.011454,2,"(0,1)",54,6,-10.5,23.5,-55,-66.0,14,20.0,29.0,2,2
6943e16f35996ea66e71205d,1766056302.060000,4,12345678,1,aa2a,316294,0,0.0,938849,0,0.010309,2,"(0,1)",54,6,-10.5,23.5,-55,-66.0,14,20.0,29.0,2,2
6943e16f35996ea66e71205e,1766056302.110000,4,12345678,1,aa2a,316294,0,0.0,938849,0,0.010309,2,"(0,1)",54,6,-10.5,23.5,-55,-66.0,14,20.0,29.0,2,2
6943e16f35996ea66e71205f,1766056302.161000,4,12345678,1,aa2a,316294,0,0.0,938867,0,0.009278,2,"(0,1)",54,6,-10.5,23.5,-55,-66.6,14,20.0,29.0,2,2
6943e16f35996ea66e712060,1766056302.211000,4,12345678,1,aa2a,316294,0,0.0,938867,0,0.009278,2,"(0,1)",54,6,-10.5,23.5,-55,-66.6,14,20.0,29.0,2,2
6943e16f35996ea66e712061,1766056302.260000,4,12345678,1,aa2a,316294,0,0.0,938885,0,0.00835,2,"(0,1)",54,6,-10.5,23.5,-55,-72.1,14,20.0,26.0,2,2
6943e16f35996ea66e712062,1766056302.310000,4,12345678,1,aa2a,316336,0,0.0,938939,0,0.00835,2,"(0,1)",54,6,-10.5,23.5,-55,-69.6,14,19.0,10.0,2,2
6943e16f35996ea66e712063,1766056302.361000,4,12345678,1,aa2a,316336,0,0.0,938939,0,0.00835,2,"(0,1)",54,6,-10.5,23.5,-55,-69.6,14,19.0,10.0,2,2
6943e16f35996ea66e712064,1766056302.411000,4,12345678,1,aa2a,316336,0,0.0,938963,1,0.007515,2,"(0,1)",48,6,-10.5,23.5,-55,-66.3,14,19.0,35.5,2,2
6943e16f35996ea66e712065,1766056302.461000,4,12345678,1,aa2a,316336,0,0.0,938963,1,0.007515,2,"(0,1)",48,6,-10.5,23.5,-55,-66.3,14,19.0,35.5,2,2
6943e16f35996ea66e712066,1766056302.511000,4,12345678,1,aa2a,316336,0,0.0,938981,0,0.006764,2,"(0,1)",50,6,-10.5,23.5,-55,-60.0,14,19.0,34.0,2,2
6943e16f35996ea66e712067,1766056302.561000,4,12345678,1,aa2a,316336,0,0.0,938981,0,0.006764,2,"(0,1)",50,6,-10.5,23.5,-55,-60.0,14,19.0,34.0,2,2
6943e16f35996ea66e712068,1766056302.611000,4,12345678,1,aa2a,316336,0,0.0,938999,0,0.006087,2,"(0,1)",50,6,-10.5,23.5,-55,-63.0,14,19.0,29.5,2,2
6943e16f35996ea66e712069,1766056302.661000,4,12345678,1,aa2a,316336,0,0.0,938999,0,0.006087,2,"(0,1)",50,6,-10.5,23.5,-55,-63.0,14,19.0,29.5,2,2
6943e16f35996ea66e71206a,1766056302.711000,4,12345678,1,aa2a,316336,0,0.0,939017,0,0.005479,2,"(0,1)",52,6,-10.5,23.5,-55,-66.0,14,19.0,30.5,2,2
6943e16f35996ea66e71206b,1766056302.761000,4,12345678,1,aa2a,316336,0,0.0,939017,0,0.005479,2,"(0,1)",52,6,-10.5,23.5,-55,-66.0,14,19.0,30.5,2,2
6943e16f35996ea66e71206c,1766056302.810000,4,12345678,1,aa2a,316336,0,0.0,939035,0,0.004931,2,"(0,1)",54,6,-10.5,23.5,-55,-71.0,14,19.0,29.0,2,2
6943e16f35996ea66e71206d,1766056302.861000,4,12345678,1,aa2a,316336,0,0.0,939035,0,0.004931,2,"(0,1)",54,6,-10.5,23.5,-55,-71.0,14,19.0,29.0,2,2
6943e16f35996ea66e71206e,1766056302.911000,4,12345678,1,aa2a,316336,0,0.0,939053,0,0.004438,2,"(0,1)",54,6,-10.5,23.5,-55,-69.8,14,19.0,26.0,2,2
6943e16f35996ea66e71206f,1766056302.961000,4,12345678,1,aa2a,316374,0,0.0,939053,0,0.004438,2,"(0,1)",54,6,-10.5,23.5,-55,-69.8,14,19.0,26.0,2,2
6943e16f35996ea66e712070,1766056303.011000,4,12345678,1,aa2a,316374,0,0.0,939071,0,0.003994,2,"(0,1)",54,6,-10.5,23.5,-55,-66.0,14,19.0,29.5,2,2
6943e17035996ea66e71212c,1766056303.061000,4,12345678,1,aa2a,316374,0,0.0,939071,0,0.003994,2,"(0,1)",54,6,-10.5,23.5,-55,-66.0,14,19.0,29.5,2,2
6943e17035996ea66e71212d,1766056303.111000,4,12345678,1,aa2a,316374,0,0.0,939089,0,0.003594,2,"(0,1)",54,6,-10.5,23.5,-55,-66.0,14,19.0,28.5,2,2
6943e17035996ea66e71212e,1766056303.161000,4,12345678,1,aa2a,316374,0,0.0,939089,0,0.003594,2,"(0,1)",54,6,-10.5,23.5,-55,-66.0,14,19.0,28.5,2,2
6943e17035996ea66e71212f,1766056303.211000,4,12345678,1,aa2a,316374,0,0.0,939107,0,0.003235,2,"(0,1)",54,6,-10.5,23.5,-55,-70.1,14,19.0,24.5,2,2
6943e17035996ea66e712130,1766056303.261000,4,12345678,1,aa2a,316374,0,0.0,939107,0,0.003235,2,"(0,1)",54,6,-10.5,23.5,-55,-70.1,14,19.0,24.5,2,2
6943e17035996ea66e712131,1766056303.310000,4,12345678,1,aa2a,316416,0,0.0,939179,0,0.002912,2,"(0,1)",48,6,-10.5,23.5,-55,-54.6,14,22.0,17.5,2,2
6943e17035996ea66e712132,1766056303.361000,4,12345678,1,aa2a,316416,0,0.0,939179,0,0.002912,2,"(0,1)",48,6,-10.5,23.5,-55,-54.6,14,22.0,17.5,2,2
6943e17035996ea66e712133,1766056303.411000,4,12345678,1,aa2a,316416,0,0.0,939203,1,0.02762,2,"(0,1)",48,6,-10.5,23.5,-55,-54.0,14,22.0,38.5,2,2
6943e17035996ea66e712134,1766056303.461000,4,12345678,1,aa2a,316416,0,0.0,939203,1,0.02762,2,"(0,1)",48,6,-10.5,23.5,-55,-54.0,14,22.0,38.5,2,2
6943e17035996ea66e712135,1766056303.511000,4,12345678,1,aa2a,316416,0,0.0,939221,0,0.024858,2,"(0,1)",48,6,-10.5,23.5,-55,-57.6,14,22.0,37.0,2,2
6943e17035996ea66e712136,1766056303.561000,4,12345678,1,aa2a,316416,0,0.0,939221,0,0.024858,2,"(0,1)",48,6,-10.5,23.5,-55,-57.6,14,22.0,37.0,2,2
6943e17035996ea66e712137,1766056303.611000,4,12345678,1,aa2a,316416,0,0.0,939239,0,0.022373,2,"(0,1)",50,6,-10.5,23.5,-55,-61.3,14,22.0,34.5,2,2
6943e17035996ea66e712138,1766056303.661000,4,12345678,1,aa2a,316416,0,0.0,939239,0,0.022373,2,"(0,1)",50,6,-10.5,23.5,-55,-61.3,14,22.0,34.5,2,2
6943e17035996ea66e712139,1766056303.711000,4,12345678,1,aa2a,316416,0,0.0,939257,0,0.020135,2,"(0,1)",50,6,-10.5,23.5,-55,-59.1,14,22.0,35.0,2,2
6943e17035996ea66e71213a,1766056303.761000,4,12345678,1,aa2a,316416,0,0.0,939257,0,0.020135,2,"(0,1)",50,6,-10.5,23.5,-55,-59.1,14,22.0,35.0,2,2
6943e17035996ea66e71213b,1766056303.811000,4,12345678,1,aa2a,316416,0,0.0,939275,0,0.018122,2,"(0,1)",50,6,-10.5,23.5,-55,-54.3,14,22.0,36.0,2,2
6943e17035996ea66e71213c,1766056303.861000,4,12345678,1,aa2a,316416,0,0.0,939275,0,0.018122,2,"(0,1)",50,6,-10.5,23.5,-55,-54.3,14,22.0,36.0,2,2
6943e17035996ea66e71213d,1766056303.910000,4,12345678,1,aa2a,316416,0,0.0,939293,0,0.01631,2,"(0,1)",52,6,-10.5,23.5,-55,-70.9,14,22.0,27.0,2,2
6943e17035996ea66e71213e,1766056303.960000,4,12345678,1,aa2a,316454,0,0.0,939293,0,0.01631,2,"(0,1)",52,6,-10.5,23.5,-55,-70.9,14,22.0,27.0,2,2
6943e17035996ea66e71213f,1766056304.010000,4,12345678,1,aa2a,316454,0,0.0,939311,0,0.014679,2,"(0,1)",52,6,-10.5,23.5,-55,-57.6,14,22.0,33.0,2,2
6943e17035996ea66e712140,1766056304.060000,4,12345678,1,aa2a,316454,0,0.0,939311,0,0.014679,2,"(0,1)",52,6,-10.5,23.5,-55,-57.6,14,22.0,33.0,2,2
6943e17035996ea66e712141,1766056304.111000,4,12345678,1,aa2a,316454,0,0.0,939329,0,0.013211,2,"(0,1)",54,6,-10.5,23.5,-55,-59.1,14,22.0,32.0,2,2
6943e17135996ea66e7121ed,1766056304.161000,4,12345678,1,aa2a,316454,0,0.0,939329,0,0.013211,2,"(0,1)",54,6,-10.5,23.5,-55,-59.1,14,22.0,32.0,2,2
6943e17135996ea66e7121ee,1766056304.211000,4,12345678,1,aa2a,316454,0,0.0,939347,0,0.01189,2,"(0,1)",54,6,-10.5,23.5,-55,-60.0,14,22.0,31.5,2,2
6943e17135996ea66e7121ef,1766056304.261000,4,12345678,1,aa2a,316454,0,0.0,939347,0,0.01189,2,"(0,1)",54,6,-10.5,23.5,-55,-60.0,14,22.0,31.5,2,2
6943e17135996ea66e7121f0,1766056304.311000,4,12345678,1,aa2a,316454,0,0.0,939385,0,0.010701,2,"(0,1)",54,6,-10.5,23.5,-55,-61.3,14,22.0,9.0,2,2
6943e17135996ea66e7121f1,1766056304.361000,4,12345678,1,aa2a,316496,0,0.0,939419,0,0.010701,2,"(0,1)",54,6,-10.5,23.5,-55,-55.3,14,19.0,14.5,2,2
6943e17135996ea66e7121f2,1766056304.411000,4,12345678,1,aa2a,316496,0,0.0,939443,1,0.009631,2,"(0,1)",52,6,-10.5,23.5,-55,-56.5,14,19.0,35.0,2,2
6943e17135996ea66e7121f3,1766056304.461000,4,12345678,1,aa2a,316496,0,0.0,939443,1,0.009631,2,"(0,1)",52,6,-10.5,23.5,-55,-56.5,14,19.0,35.0,2,2
6943e17135996ea66e7121f4,1766056304.511000,4,12345678,1,aa2a,316496,0,0.0,939461,0,0.008668,2,"(0,1)",52,6,-10.5,23.5,-55,-59.1,14,19.0,34.0,2,2
6943e17135996ea66e7121f5,1766056304.561000,4,12345678,1,aa2a,316496,0,0.0,939461,0,0.008668,2,"(0,1)",52,6,-10.5,23.5,-55,-59.1,14,19.0,34.0,2,2
6943e17135996ea66e7121f6,1766056304.611000,4,12345678,1,aa2a,316496,0,0.0,939479,0,0.007801,2,"(0,1)",54,6,-10.5,23.5,-55,-66.0,14,19.0,31.5,2,2
6943e17135996ea66e7121f7,1766056304.661000,4,12345678,1,aa2a,316496,0,0.0,939479,0,0.007801,2,"(0,1)",54,6,-10.5,23.5,-55,-66.0,14,19.0,31.5,2,2
6943e17135996ea66e7121f8,1766056304.711000,4,12345678,1,aa2a,316496,0,0.0,939497,0,0.007021,2,"(0,1)",54,6,-10.5,23.5,-55,-66.0,14,19.0,29.5,2,2
6943e17135996ea66e7121f9,1766056304.761000,4,12345678,1,aa2a,316496,0,0.0,939497,0,0.007021,2,"(0,1)",54,6,-10.5,23.5,-55,-66.0,14,19.0,29.5,2,2
6943e17135996ea66e7121fa,1766056304.811000,4,12345678,1,aa2a,316496,0,0.0,939515,0,0.006319,2,"(0,1)",54,6,-10.5,23.5,-55,-63.0,14,19.0,29.0,2,2
6943e17135996ea66e7121fb,1766056304.861000,4,12345678,1,aa2a,316496,0,0.0,939515,0,0.006319,2,"(0,1)",54,6,-10.5,23.5,-55,-63.0,14,19.0,29.0,2,2
6943e17135996ea66e7121fc,1766056304.911000,4,12345678,1,aa2a,316496,0,0.0,939533,0,0.005687,2,"(0,1)",54,6,-10.5,23.5,-55,-63.0,14,19.0,28.5,2,2
6943e17135996ea66e7121fd,1766056304.961000,4,12345678,1,aa2a,316534,0,0.0,939533,0,0.005687,2,"(0,1)",54,6,-10.5,23.5,-55,-63.0,14,19.0,28.5,2,2
6943e17135996ea66e7121fe,1766056305.011000,4,12345678,1,aa2a,316534,0,0.0,939551,0,0.005118,2,"(0,1)",54,6,-10.5,23.5,-55,-66.0,14,19.0,27.0,2,2
6943e17235996ea66e71229b,1766056305.061000,4,12345678,1,aa2a,316534,0,0.0,939551,0,0.005118,2,"(0,1)",54,6,-10.5,23.5,-55,-66.0,14,19.0,27.0,2,2
6943e17235996ea66e71229c,1766056305.111000,4,12345678,1,aa2a,316534,0,0.0,939569,0,0.004606,2,"(0,0)",54,6,-10.5,23.5,-55,-66.0,14,19.0,28.0,2,2
6943e17235996ea66e71229d,1766056305.161000,4,12345678,1,aa2a,316534,0,0.0,939569,0,0.004606,2,"(0,0)",54,6,-10.5,23.5,-55,-66.0,14,19.0,28.0,2,2
6943e17235996ea66e71229e,1766056305.210000,4,12345678,1,aa2a,316534,0,0.0,939587,0,0.004146,2,"(0,0)",54,6,-10.5,23.5,-55,-66.8,14,19.0,26.0,2,2
6943e17235996ea66e71229f,1766056305.260000,4,12345678,1,aa2a,316534,0,0.0,939587,0,0.004146,2,"(0,0)",54,6,-10.5,23.5,-55,-66.8,14,19.0,26.0,2,2
6943e17235996ea66e7122a0,1766056305.311000,4,12345678,1,aa2a,316534,0,0.0,939605,0,0.003731,2,"(0,0)",54,6,-10.5,23.5,-55,-67.4,14,19.0,24.0,2,2
6943e17235996ea66e7122a1,1766056305.361000,4,12345678,1,aa2a,316576,0,0.0,939659,0,0.003731,2,"(0,0)",54,6,-11.0,23.5,-57,-60.0,14,17.0,11.5,2,2
6943e17235996ea66e7122a2,1766056305.410000,4,12345678,1,aa2a,316576,0,0.0,939659,0,0.003731,2,"(0,0)",54,6,-11.0,23.5,-57,-60.0,14,17.0,11.5,2,2
6943e17235996ea66e7122a3,1766056305.461000,4,12345678,1,aa2a,316576,0,0.0,939683,1,0.003358,2,"(0,0)",52,6,-11.0,23.5,-57,-57.6,14,17.0,33.0,2,2
6943e17235996ea66e7122a4,1766056305.511000,4,12345678,1,aa2a,316576,0,0.0,939683,1,0.003358,2,"(0,0)",52,6,-11.0,23.5,-57,-57.6,14,17.0,33.0,2,2
6943e17235996ea66e7122a5,1766056305.561000,4,12345678,1,aa2a,316576,0,0.0,939701,0,0.003022,2,"(0,1)",52,6,-11.0,23.5,-57,-61.3,14,17.0,31.0,2,2
6943e17235996ea66e7122a6,1766056305.611000,4,12345678,1,aa2a,316576,0,0.0,939701,0,0.003022,2,"(0,1)",52,6,-11.0,23.5,-57,-61.3,14,17.0,31.0,2,2
6943e17235996ea66e7122a7,1766056305.661000,4,12345678,1,aa2a,316576,0,0.0,939719,0,0.00272,2,"(0,1)",52,6,-11.0,23.5,-57,-61.3,14,17.0,32.5,2,2
6943e17235996ea66e7122a8,1766056305.711000,4,12345678,1,aa2a,316576,0,0.0,939719,0,0.00272,2,"(0,1)",52,6,-11.0,23.5,-57,-61.3,14,17.0,32.5,2,2
6943e17235996ea66e7122a9,1766056305.761000,4,12345678,1,aa2a,316576,0,0.0,939737,0,0.002448,2,"(0,1)",54,6,-11.0,23.5,-57,-66.0,14,17.0,31.5,2,2
6943e17235996ea66e7122aa,1766056305.811000,4,12345678,1,aa2a,316576,0,0.0,939737,0,0.002448,2,"(0,1)",54,6,-11.0,23.5,-57,-66.0,14,17.0,31.5,2,2
6943e17235996ea66e7122ab,1766056305.861000,4,12345678,1,aa2a,316576,0,0.0,939755,0,0.002203,2,"(0,1)",60,6,-11.0,23.5,-57,-69.6,15,17.0,3.0,2,2
6943e17235996ea66e7122ac,1766056305.911000,4,12345678,1,aa2a,316576,0,0.0,939755,0,0.002203,2,"(0,1)",60,6,-11.0,23.5,-57,-69.6,15,17.0,3.0,2,2
6943e17235996ea66e7122ad,1766056305.961000,4,12345678,1,aa2a,316614,0,0.0,939773,0,0.101983,2,"(0,1)",52,6,-11.0,23.5,-57,-61.3,15,17.0,20.5,2,2
6943e17235996ea66e7122ae,1766056306.010000,4,12345678,1,aa2a,316614,0,0.0,939773,0,0.101983,2,"(0,1)",52,6,-11.0,23.5,-57,-61.3,14,17.0,20.5,2,2
6943e17235996ea66e7122af,1766056306.061000,4,12345678,1,aa2a,316614,0,0.0,939791,0,0.091785,2,"(0,1)",50,6,-11.0,23.5,-57,-59.1,14,17.0,33.0,2,2
6943e17235996ea66e7122b0,1766056306.111000,4,12345678,1,aa2a,316614,0,0.0,939791,0,0.091785,2,"(0,1)",50,6,-11.0,23.5,-57,-59.1,14,17.0,33.0,2,2
6943e17335996ea66e712354,1766056306.161000,4,12345678,1,aa2a,316614,0,0.0,939809,0,0.082606,2,"(0,0)",48,6,-11.0,23.5,-57,-36.0,15,17.0,54.5,2,2
6943e17335996ea66e712355,1766056306.211000,4,12345678,1,aa2a,316614,0,0.0,939809,0,0.082606,2,"(0,0)",48,6,-11.0,23.5,-57,-36.0,15,17.0,54.5,2,2
6943e17335996ea66e712356,1766056306.260000,4,12345678,1,aa2a,316614,0,0.0,939827,0,0.074346,2,"(0,0)",50,6,-11.0,23.5,-57,-44.1,15,17.0,48.5,2,2
6943e17335996ea66e712357,1766056306.311000,4,12345678,1,aa2a,316614,0,0.0,939827,0,0.074346,2,"(0,0)",50,6,-11.0,23.5,-57,-44.1,15,17.0,48.5,2,2
6943e17335996ea66e712358,1766056306.361000,4,12345678,1,aa2a,316656,0,0.0,939899,0,0.066911,2,"(0,0)",52,6,-11.0,23.5,-57,-45.0,15,19.0,29.0,2,2
6943e17335996ea66e712359,1766056306.411000,4,12345678,1,aa2a,316656,0,0.0,939899,0,0.066911,2,"(0,0)",52,6,-11.0,23.5,-57,-45.0,15,19.0,29.0,2,2
6943e17335996ea66e71235a,1766056306.461000,4,12345678,1,aa2a,316656,0,0.0,939917,0,0.06022,2,"(0,0)",54,6,-11.0,23.5,-57,-46.4,14,19.0,49.5,2,2
6943e17335996ea66e71235b,1766056306.511000,4,12345678,1,aa2a,316656,0,0.0,939917,0,0.06022,2,"(0,0)",54,6,-11.0,23.5,-57,-46.4,14,19.0,49.5,2,2
6943e17335996ea66e71235c,1766056306.561000,4,12345678,1,aa2a,316656,0,0.0,939935,0,0.054198,2,"(0,0)",54,6,-11.0,23.5,-57,-44.7,14,19.0,49.0,2,2
6943e17335996ea66e71235d,1766056306.611000,4,12345678,1,aa2a,316656,0,0.0,939935,0,0.054198,2,"(0,1)",54,6,-11.0,23.5,-57,-44.7,14,19.0,49.0,2,2
6943e17335996ea66e71235e,1766056306.661000,4,12345678,1,aa2a,316656,0,0.0,939953,0,0.048778,2,"(0,1)",54,6,-11.0,23.5,-57,-54.6,14,19.0,44.0,2,2
6943e17335996ea66e71235f,1766056306.711000,4,12345678,1,aa2a,316656,0,0.0,939953,0,0.048778,2,"(0,1)",54,6,-11.0,23.5,-57,-54.6,14,19.0,44.0,2,2
6943e17335996ea66e712360,1766056306.761000,4,12345678,1,aa2a,316656,0,0.0,939971,0,0.0439,2,"(0,1)",54,6,-11.0,23.5,-57,-49.3,14,19.0,44.5,2,2
6943e17335996ea66e712361,1766056306.811000,4,12345678,1,aa2a,316656,0,0.0,939971,0,0.0439,2,"(0,1)",54,6,-11.0,23.5,-57,-49.3,14,19.0,44.5,2,2
6943e17335996ea66e712362,1766056306.861000,4,12345678,1,aa2a,316656,0,0.0,939989,0,0.03951,2,"(0,1)",54,6,-11.0,23.5,-57,-51.7,14,19.0,40.5,2,2
6943e17335996ea66e712363,1766056306.911000,4,12345678,1,aa2a,316656,0,0.0,939989,0,0.03951,2,"(0,1)",54,6,-11.0,23.5,-57,-51.7,14,19.0,40.5,2,2
6943e17335996ea66e712364,1766056306.961000,4,12345678,1,aa2a,316694,0,0.0,940007,0,0.035559,2,"(0,0)",54,6,-11.0,23.5,-57,-59.1,15,27.0,32.0,2,2
6943e17335996ea66e712365,1766056307.011000,4,12345678,1,aa2a,316694,0,0.0,940007,0,0.035559,2,"(0,1)",54,6,-11.0,23.5,-57,-59.1,14,27.0,32.0,2,2
6943e17335996ea66e712366,1766056307.061000,4,12345678,1,aa2a,316694,0,0.0,940025,0,0.032003,2,"(0,1)",54,6,-11.0,23.5,-57,-60.0,14,27.0,36.0,2,2
6943e17335996ea66e712367,1766056307.111000,4,12345678,1,aa2a,316694,0,0.0,940025,0,0.032003,2,"(0,1)",54,6,-11.0,23.5,-57,-60.0,14,27.0,36.0,2,2
6943e17435996ea66e71240a,1766056307.161000,4,12345678,1,aa2a,316694,0,0.0,940043,0,0.028803,2,"(0,1)",54,6,-11.0,23.5,-57,-60.0,14,27.0,37.0,2,2
6943e17435996ea66e71240b,1766056307.211000,4,12345678,1,aa2a,316694,0,0.0,940043,0,0.028803,2,"(0,1)",54,6,-11.0,23.5,-57,-60.0,14,27.0,37.0,2,2
6943e17435996ea66e71240c,1766056307.260000,4,12345678,1,aa2a,316694,0,0.0,940061,0,0.025923,2,"(0,1)",54,6,-11.0,23.5,-57,-57.6,14,27.0,37.0,2,2
6943e17435996ea66e71240d,1766056307.310000,4,12345678,1,aa2a,316694,0,0.0,940061,0,0.025923,2,"(0,1)",54,6,-11.0,23.5,-57,-57.6,14,27.0,37.0,2,2
6943e17435996ea66e71240e,1766056307.360000,4,12345678,1,aa2a,316694,0,0.0,940079,0,0.02333,2,"(0,1)",54,6,-11.0,23.5,-57,-60.0,14,27.0,39.0,2,2
6943e17435996ea66e71240f,1766056307.411000,4,12345678,1,aa2a,316736,0,0.1,940133,0,0.02333,2,"(0,0)",54,6,-10.5,23.5,-67,-60.0,14,14.0,18.5,2,2
6943e17435996ea66e712410,1766056307.461000,4,12345678,1,aa2a,316736,0,0.1,940133,0,0.02333,2,"(0,0)",54,6,-10.5,23.5,-67,-60.0,14,14.0,18.5,2,2
6943e17435996ea66e712411,1766056307.510000,4,12345678,1,aa2a,316736,0,0.1,940157,1,0.020997,2,"(0,0)",54,6,-10.5,23.5,-67,-61.3,14,14.0,36.5,2,2
6943e17435996ea66e712412,1766056307.561000,4,12345678,1,aa2a,316736,0,0.1,940157,1,0.020997,2,"(0,0)",54,6,-10.5,23.5,-67,-61.3,14,14.0,36.5,2,2
6943e17435996ea66e712413,1766056307.611000,4,12345678,1,aa2a,316736,0,0.1,940175,0,0.018898,2,"(0,0)",54,6,-10.5,23.5,-67,-61.3,14,14.0,34.5,2,2
6943e17435996ea66e712414,1766056307.661000,4,12345678,1,aa2a,316736,0,0.1,940175,0,0.018898,2,"(0,0)",54,6,-10.5,23.5,-67,-61.3,14,14.0,34.5,2,2
6943e17435996ea66e712415,1766056307.711000,4,12345678,1,aa2a,316736,0,0.1,940193,0,0.017008,2,"(0,1)",54,6,-10.5,23.5,-67,-56.5,15,14.0,35.5,2,2
6943e17435996ea66e712416,1766056307.761000,4,12345678,1,aa2a,316736,0,0.1,940193,0,0.017008,2,"(0,1)",54,6,-10.5,23.5,-67,-56.5,15,14.0,35.5,2,2
6943e17435996ea66e712417,1766056307.811000,4,12345678,1,aa2a,316736,0,0.1,940211,0,0.015307,2,"(0,1)",54,6,-10.5,23.5,-67,-66.0,15,14.0,29.0,2,2
6943e17435996ea66e712418,1766056307.861000,4,12345678,1,aa2a,316736,0,0.1,940211,0,0.015307,2,"(0,1)",54,6,-10.5,23.5,-67,-66.0,15,14.0,29.0,2,2
6943e17435996ea66e712419,1766056307.911000,4,12345678,1,aa2a,316736,0,0.1,940229,0,0.013776,2,"(0,1)",54,6,-10.5,23.5,-67,-66.0,15,14.0,26.5,2,2
6943e17435996ea66e71241a,1766056307.961000,4,12345678,1,aa2a,316774,0,0.09,940229,0,0.013776,2,"(0,1)",54,6,-10.5,23.5,-67,-66.0,15,14.0,26.5,2,2
6943e17435996ea66e71241b,1766056308.010000,4,12345678,1,aa2a,316774,0,0.09,940247,0,0.012399,2,"(0,1)",54,6,-10.5,23.5,-67,-63.0,14,14.0,29.0,2,2
6943e17435996ea66e71241c,1766056308.061000,4,12345678,1,aa2a,316774,0,0.09,940247,0,0.012399,2,"(0,1)",54,6,-10.5,23.5,-67,-63.0,15,14.0,29.0,2,2
6943e17435996ea66e71241d,1766056308.111000,4,12345678,1,aa2a,316774,0,0.09,940265,0,0.011159,2,"(0,1)",54,6,-10.5,23.5,-67,-66.0,15,14.0,31.5,2,2
6943e17435996ea66e71241e,1766056308.161000,4,12345678,1,aa2a,316774,0,0.09,940265,0,0.011159,2,"(0,1)",54,6,-10.5,23.5,-67,-66.0,14,14.0,31.5,2,2
6943e17535996ea66e7124d7,1766056308.211000,4,12345678,1,aa2a,316774,0,0.09,940283,0,0.010043,2,"(0,0)",54,6,-10.5,23.5,-67,-66.0,14,14.0,30.0,2,2
6943e17535996ea66e7124d8,1766056308.261000,4,12345678,1,aa2a,316774,0,0.09,940283,0,0.010043,2,"(0,0)",54,6,-10.5,23.5,-67,-66.0,14,14.0,30.0,2,2
6943e17535996ea66e7124d9,1766056308.311000,4,12345678,1,aa2a,316774,0,0.09,940301,0,0.009039,2,"(0,1)",54,6,-10.5,23.5,-67,-69.8,14,14.0,30.0,2,2
6943e17535996ea66e7124da,1766056308.361000,4,12345678,1,aa2a,316774,0,0.09,940301,0,0.009039,2,"(0,1)",54,6,-10.5,23.5,-67,-69.8,14,14.0,30.0,2,2
6943e17535996ea66e7124db,1766056308.411000,4,12345678,1,aa2a,316816,0,0.081,940373,0,0.008135,2,"(0,1)",54,6,-10.5,23.5,-69,-69.7,14,24.0,9.5,2,2
6943e17535996ea66e7124dc,1766056308.461000,4,12345678,1,aa2a,316816,0,0.081,940373,0,0.008135,2,"(0,1)",54,6,-10.5,23.5,-69,-69.7,14,24.0,9.5,2,2
6943e17535996ea66e7124dd,1766056308.511000,4,12345678,1,aa2a,316816,0,0.081,940397,1,0.007321,2,"(0,1)",54,6,-10.5,23.5,-69,-66.0,14,24.0,33.5,2,2
6943e17535996ea66e7124de,1766056308.560000,4,12345678,1,aa2a,316816,0,0.081,940397,1,0.007321,2,"(0,1)",54,6,-10.5,23.5,-69,-66.0,14,24.0,33.5,2,2
6943e17535996ea66e7124df,1766056308.611000,4,12345678,1,aa2a,316816,0,0.081,940415,0,0.006589,2,"(0,1)",54,6,-10.5,23.5,-69,-66.0,14,24.0,32.0,2,2
6943e17535996ea66e7124e0,1766056308.661000,4,12345678,1,aa2a,316816,0,0.081,940415,0,0.006589,2,"(0,1)",54,6,-10.5,23.5,-69,-66.0,14,24.0,32.0,2,2
6943e17535996ea66e7124e1,1766056308.711000,4,12345678,1,aa2a,316816,0,0.081,940433,0,0.00593,2,"(0,1)",54,6,-10.5,23.5,-69,-66.8,14,24.0,30.5,2,2
6943e17535996ea66e7124e2,1766056308.761000,4,12345678,1,aa2a,316816,0,0.081,940433,0,0.00593,2,"(0,1)",54,6,-10.5,23.5,-69,-66.8,14,24.0,30.5,2,2
6943e17535996ea66e7124e3,1766056308.811000,4,12345678,1,aa2a,316816,0,0.081,940451,0,0.005337,2,"(0,1)",54,6,-10.5,23.5,-69,-66.0,14,24.0,34.5,2,2
6943e17535996ea66e7124e4,1766056308.861000,4,12345678,1,aa2a,316816,0,0.081,940451,0,0.005337,2,"(0,1)",54,6,-10.5,23.5,-69,-66.0,14,24.0,34.5,2,2
6943e17535996ea66e7124e5,1766056308.911000,4,12345678,1,aa2a,316816,0,0.081,940469,0,0.004804,2,"(0,1)",54,6,-10.5,23.5,-69,-67.3,14,24.0,32.5,2,2
6943e17535996ea66e7124e6,1766056308.961000,4,12345678,1,aa2a,316854,0,0.0729,940469,0,0.004804,2,"(0,1)",54,6,-10.5,23.5,-69,-67.3,14,24.0,32.5,2,2
6943e17535996ea66e7124e7,1766056309.011000,4,12345678,1,aa2a,316854,0,0.0729,940487,0,0.004323,2,"(0,1)",54,6,-10.5,23.5,-69,-66.0,14,24.0,33.5,2,2
6943e17535996ea66e7124e8,1766056309.061000,4,12345678,1,aa2a,316854,0,0.0729,940487,0,0.004323,2,"(0,1)",54,6,-10.5,23.5,-69,-66.0,14,24.0,33.5,2,2
6943e17535996ea66e7124e9,1766056309.111000,4,12345678,1,aa2a,316854,0,0.0729,940505,0,0.003891,2,"(0,1)",54,6,-10.5,23.5,-69,-68.9,14,24.0,33.5,2,2
6943e17535996ea66e7124ea,1766056309.161000,4,12345678,1,aa2a,316854,0,0.0729,940505,0,0.003891,2,"(0,1)",54,6,-10.5,23.5,-69,-68.9,14,24.0,33.5,2,2
6943e17535996ea66e7124eb,1766056309.211000,4,12345678,1,aa2a,316854,0,0.0729,940523,0,0.003502,2,"(0,1)",54,6,-10.5,23.5,-69,-69.5,14,24.0,33.0,2,2
6943e17535996ea66e7124ec,1766056309.261000,4,12345678,1,aa2a,316854,0,0.0729,940523,0,0.003502,2,"(0,1)",54,6,-10.5,23.5,-69,-69.5,14,24.0,33.0,2,2
6943e17535996ea66e7124ed,1766056309.311000,4,12345678,1,aa2a,316854,0,0.0729,940541,0,0.003152,2,"(0,1)",54,6,-10.5,23.5,-69,-71.8,14,24.0,29.0,2,2
6943e17635996ea66e7125ab,1766056309.361000,4,12345678,1,aa2a,316854,0,0.0729,940541,0,0.003152,2,"(0,1)",54,6,-10.5,23.5,-69,-71.8,14,24.0,29.0,2,2
6943e17635996ea66e7125ac,1766056309.411000,4,12345678,1,aa2a,316854,0,0.0729,940579,0,0.002836,2,"(0,1)",54,6,-10.5,23.5,-69,-66.0,14,24.0,5.0,2,2
6943e17635996ea66e7125ad,1766056309.461000,4,12345678,1,aa2a,316896,0,0.06561,940613,0,0.002836,2,"(0,0)",54,6,-10.5,23.5,-72,-61.3,14,30.0,12.5,2,2
6943e17635996ea66e7125ae,1766056309.511000,4,12345678,1,aa2a,316896,0,0.06561,940637,1,0.002553,2,"(0,0)",54,6,-10.5,23.5,-72,-58.3,14,30.0,37.5,2,2
6943e17635996ea66e7125af,1766056309.560000,4,12345678,1,aa2a,316896,0,0.06561,940637,1,0.002553,2,"(0,0)",54,6,-10.5,23.5,-72,-58.3,14,30.0,37.5,2,2
6943e17635996ea66e7125b0,1766056309.610000,4,12345678,1,aa2a,316896,0,0.06561,940655,0,0.002298,2,"(0,0)",54,6,-10.5,23.5,-72,-54.9,14,30.0,38.0,2,2
6943e17635996ea66e7125b1,1766056309.661000,4,12345678,1,aa2a,316896,0,0.06561,940655,0,0.002298,2,"(0,0)",54,6,-10.5,23.5,-72,-54.9,14,30.0,38.0,2,2
6943e17635996ea66e7125b2,1766056309.711000,4,12345678,1,aa2a,316896,0,0.06561,940673,0,0.002068,2,"(0,0)",54,6,-10.5,23.5,-72,-56.5,14,30.0,34.5,2,2
6943e17635996ea66e7125b3,1766056309.761000,4,12345678,1,aa2a,316896,0,0.06561,940673,0,0.002068,2,"(0,0)",54,6,-10.5,23.5,-72,-56.5,14,30.0,34.5,2,2
6943e17635996ea66e7125b4,1766056309.811000,4,12345678,1,aa2a,316896,0,0.06561,940691,0,0.001861,2,"(0,0)",54,6,-10.5,23.5,-72,-67.1,14,30.0,24.5,2,2
6943e17635996ea66e7125b5,1766056309.861000,4,12345678,1,aa2a,316896,0,0.06561,940691,0,0.001861,2,"(0,0)",54,6,-10.5,23.5,-72,-67.1,14,30.0,24.5,2,2
6943e17635996ea66e7125b6,1766056309.910000,4,12345678,1,aa2a,316896,0,0.06561,940709,0,0.001675,2,"(0,1)",54,6,-10.5,23.5,-72,-66.5,14,30.0,31.0,2,2
6943e17635996ea66e7125b7,1766056309.961000,4,12345678,1,aa2a,316934,0,0.059049,940709,0,0.001675,2,"(0,1)",54,6,-10.5,23.5,-72,-66.5,14,30.0,31.0,2,2
6943e17635996ea66e7125b8,1766056310.011000,4,12345678,1,aa2a,316934,0,0.059049,940727,0,0.001507,2,"(0,1)",54,6,-10.5,23.5,-72,-66.0,14,30.0,30.0,2,2
6943e17635996ea66e7125b9,1766056310.061000,4,12345678,1,aa2a,316934,0,0.059049,940727,0,0.001507,2,"(0,1)",54,6,-10.5,23.5,-72,-66.0,14,30.0,30.0,2,2
6943e17635996ea66e7125ba,1766056310.111000,4,12345678,1,aa2a,316934,0,0.059049,940745,0,0.001357,2,"(0,1)",54,6,-10.5,23.5,-72,-63.0,14,30.0,34.0,2,2
6943e17635996ea66e7125bb,1766056310.161000,4,12345678,1,aa2a,316934,0,0.059049,940745,0,0.001357,2,"(0,1)",54,6,-10.5,23.5,-72,-63.0,14,30.0,34.0,2,2
6943e17635996ea66e7125bc,1766056310.211000,4,12345678,1,aa2a,316934,0,0.059049,940763,0,0.001221,2,"(0,1)",54,6,-10.5,23.5,-72,-63.0,14,30.0,33.5,2,2
6943e17635996ea66e7125bd,1766056310.261000,4,12345678,1,aa2a,316934,0,0.059049,940763,0,0.001221,2,"(0,1)",54,6,-10.5,23.5,-72,-63.0,14,30.0,33.5,2,2
6943e17635996ea66e7125be,1766056310.311000,4,12345678,1,aa2a,316934,0,0.059049,940781,0,0.001099,2,"(0,1)",54,6,-10.5,23.5,-72,-67.8,14,30.0,32.0,2,2
6943e17735996ea66e71265e,1766056310.361000,4,12345678,1,aa2a,316934,0,0.059049,940781,0,0.001099,2,"(0,1)",54,6,-10.5,23.5,-72,-67.8,14,30.0,32.0,2,2
6943e17735996ea66e71265f,1766056310.411000,4,12345678,1,aa2a,316934,0,0.059049,940799,0,0.000989,2,"(0,1)",54,6,-10.5,23.5,-72,-66.4,14,30.0,27.5,2,2
6943e17735996ea66e712660,1766056310.461000,4,12345678,1,aa2a,316976,0,0.053144,940853,0,0.000989,2,"(0,0)",54,6,-10.5,23.5,-73,-63.0,14,20.0,10.0,2,2
6943e17735996ea66e712661,1766056310.511000,4,12345678,1,aa2a,316976,0,0.053144,940853,0,0.000989,2,"(0,0)",54,6,-10.5,23.5,-73,-63.0,14,20.0,10.0,2,2
6943e17735996ea66e712662,1766056310.561000,4,12345678,1,aa2a,316976,0,0.053144,940877,1,0.00089,2,"(0,1)",54,6,-10.5,23.5,-73,-56.5,14,20.0,34.0,2,2
6943e17735996ea66e712663,1766056310.610000,4,12345678,1,aa2a,316976,0,0.053144,940877,1,0.00089,2,"(0,1)",54,6,-10.5,23.5,-73,-56.5,14,20.0,34.0,2,2
6943e17735996ea66e712664,1766056310.661000,4,12345678,1,aa2a,316976,0,0.053144,940895,0,0.000801,2,"(0,0)",54,6,-10.5,23.5,-73,-66.3,14,20.0,30.0,2,2
6943e17735996ea66e712665,1766056310.711000,4,12345678,1,aa2a,316976,0,0.053144,940895,0,0.000801,2,"(0,0)",54,6,-10.5,23.5,-73,-66.3,14,20.0,30.0,2,2
6943e17735996ea66e712666,1766056310.761000,4,12345678,1,aa2a,316976,0,0.053144,940913,0,0.000721,2,"(0,0)",54,6,-10.5,23.5,-73,-66.0,14,20.0,31.5,2,2
6943e17735996ea66e712667,1766056310.811000,4,12345678,1,aa2a,316976,0,0.053144,940913,0,0.000721,2,"(0,0)",54,6,-10.5,23.5,-73,-66.0,14,20.0,31.5,2,2
6943e17735996ea66e712668,1766056310.861000,4,12345678,1,aa2a,316976,0,0.053144,940931,0,0.000649,2,"(0,0)",54,6,-10.5,23.5,-73,-66.3,14,20.0,28.0,2,2
6943e17735996ea66e712669,1766056310.911000,4,12345678,1,aa2a,316976,0,0.053144,940931,0,0.000649,2,"(0,1)",54,6,-10.5,23.5,-73,-66.3,14,20.0,28.0,2,2
6943e17735996ea66e71266a,1766056310.961000,4,12345678,1,aa2a,317014,0,0.04783,940949,0,0.000584,2,"(0,1)",54,6,-10.5,23.5,-73,-67.4,15,20.0,16.5,2,2
6943e17735996ea66e71266b,1766056311.011000,4,12345678,1,aa2a,317014,0,0.04783,940949,0,0.000584,2,"(0,1)",54,6,-10.5,23.5,-73,-67.4,15,20.0,16.5,2,2
6943e17735996ea66e71266c,1766056311.061000,4,12345678,1,aa2a,317014,0,0.04783,940967,0,0.000526,2,"(0,1)",54,6,-10.5,23.5,-73,-61.3,15,20.0,32.5,2,2
6943e17735996ea66e71266d,1766056311.111000,4,12345678,1,aa2a,317014,0,0.04783,940967,0,0.000526,2,"(0,1)",54,6,-10.5,23.5,-73,-61.3,15,20.0,32.5,2,2
6943e17735996ea66e71266e,1766056311.161000,4,12345678,1,aa2a,317014,0,0.04783,940985,0,0.000473,2,"(0,1)",54,6,-10.5,23.5,-73,-66.5,15,20.0,26.0,2,2
6943e17735996ea66e71266f,1766056311.211000,4,12345678,1,aa2a,317014,0,0.04783,940985,0,0.000473,2,"(0,1)",54,6,-10.5,23.5,-73,-66.5,15,20.0,26.0,2,2
6943e17735996ea66e712670,1766056311.261000,4,12345678,1,aa2a,317014,0,0.04783,941003,0,0.000426,2,"(0,1)",54,6,-10.5,23.5,-73,-70.3,15,20.0,26.0,2,2
6943e17735996ea66e712671,1766056311.311000,4,12345678,1,aa2a,317014,0,0.04783,941003,0,0.000426,2,"(0,1)",54,6,-10.5,23.5,-73,-70.3,15,20.0,26.0,2,2
6943e17735996ea66e712672,1766056311.361000,4,12345678,1,aa2a,317014,0,0.04783,941021,0,0.000383,2,"(0,0)",54,6,-10.5,23.5,-73,-68.7,14,20.0,26.5,2,2
6943e17735996ea66e712673,1766056311.411000,4,12345678,1,aa2a,317014,0,0.04783,941021,0,0.000383,2,"(0,0)",54,6,-10.5,23.5,-73,-68.7,14,20.0,26.5,2,2
6943e17835996ea66e712723,1766056311.461000,4,12345678,1,aa2a,317056,0,0.043047,941093,0,0.000345,2,"(0,0)",54,6,-10.5,23.5,-72,-59.1,14,27.0,14.0,2,2
6943e17835996ea66e712724,1766056311.511000,4,12345678,1,aa2a,317056,0,0.043047,941093,0,0.000345,2,"(0,0)",54,6,-10.5,23.5,-72,-59.1,14,27.0,14.0,2,2
6943e17835996ea66e712725,1766056311.561000,4,12345678,1,aa2a,317056,0,0.043047,941117,1,0.00031,2,"(0,0)",54,6,-10.5,23.5,-72,-59.1,14,27.0,33.5,2,2
6943e17835996ea66e712726,1766056311.611000,4,12345678,1,aa2a,317056,0,0.043047,941117,1,0.00031,2,"(0,0)",54,6,-10.5,23.5,-72,-59.1,14,27.0,33.5,2,2
6943e17835996ea66e712727,1766056311.660000,4,12345678,1,aa2a,317056,0,0.043047,941135,0,0.000279,2,"(0,0)",54,6,-10.5,23.5,-72,-63.0,14,27.0,29.5,2,2
6943e17835996ea66e712728,1766056311.711000,4,12345678,1,aa2a,317056,0,0.043047,941135,0,0.000279,2,"(0,0)",54,6,-10.5,23.5,-72,-63.0,14,27.0,29.5,2,2
6943e17835996ea66e712729,1766056311.761000,4,12345678,1,aa2a,317056,0,0.043047,941153,0,0.000251,2,"(0,0)",54,6,-10.5,23.5,-72,-61.3,14,27.0,32.0,2,2
6943e17835996ea66e71272a,1766056311.810000,4,12345678,1,aa2a,317056,0,0.043047,941153,0,0.000251,2,"(0,0)",54,6,-10.5,23.5,-72,-61.3,14,27.0,32.0,2,2
6943e17835996ea66e71272b,1766056311.860000,4,12345678,1,aa2a,317056,0,0.043047,941171,0,0.000226,2,"(0,0)",54,6,-10.5,23.5,-72,-61.3,14,27.0,32.0,2,2
6943e17835996ea66e71272c,1766056311.911000,4,12345678,1,aa2a,317056,0,0.043047,941171,0,0.000226,2,"(0,0)",54,6,-10.5,23.5,-72,-61.3,14,27.0,32.0,2,2
6943e17835996ea66e71272d,1766056311.961000,4,12345678,1,aa2a,317094,0,0.038742,941189,0,0.000204,2,"(0,0)",54,6,-10.5,23.5,-72,-66.0,14,27.0,27.0,2,2
6943e17835996ea66e71272e,1766056312.010000,4,12345678,1,aa2a,317094,0,0.038742,941189,0,0.000204,2,"(0,0)",54,6,-10.5,23.5,-72,-66.0,14,27.0,27.0,2,2
6943e17835996ea66e71272f,1766056312.060000,4,12345678,1,aa2a,317094,0,0.038742,941207,0,0.000183,2,"(0,0)",54,6,-10.5,23.5,-72,-66.0,14,27.0,25.5,2,2
6943e17835996ea66e712730,1766056312.110000,4,12345678,1,aa2a,317094,0,0.038742,941207,0,0.000183,2,"(0,0)",54,6,-10.5,23.5,-72,-66.0,14,27.0,25.5,2,2
6943e17835996ea66e712731,1766056312.161000,4,12345678,1,aa2a,317094,0,0.038742,941225,0,0.000165,2,"(0,0)",54,6,-10.5,23.5,-72,-66.2,14,27.0,25.5,2,2
6943e17835996ea66e712732,1766056312.211000,4,12345678,1,aa2a,317094,0,0.038742,941225,0,0.000165,2,"(0,0)",54,6,-10.5,23.5,-72,-66.2,14,27.0,25.5,2,2
6943e17835996ea66e712733,1766056312.261000,4,12345678,1,aa2a,317094,0,0.038742,941243,0,0.000148,2,"(0,0)",54,6,-10.5,23.5,-72,-66.0,14,27.0,25.5,2,2
6943e17835996ea66e712734,1766056312.311000,4,12345678,1,aa2a,317094,0,0.038742,941243,0,0.000148,2,"(0,0)",54,6,-10.5,23.5,-72,-66.0,14,27.0,25.5,2,2
6943e17835996ea66e712735,1766056312.360000,4,12345678,1,aa2a,317094,0,0.038742,941261,0,0.000134,2,"(0,0)",54,6,-10.5,23.5,-72,-67.5,14,27.0,24.0,2,2
6943e17835996ea66e712736,1766056312.411000,4,12345678,1,aa2a,317094,0,0.038742,941261,0,0.000134,2,"(0,0)",54,6,-10.5,23.5,-72,-67.5,14,27.0,24.0,2,2
6943e17835996ea66e712737,1766056312.461000,4,12345678,1,aa2a,317094,0,0.038742,941279,0,0.00012,2,"(0,0)",54,6,-10.5,23.5,-72,-68.5,14,27.0,25.0,2,2
6943e17835996ea66e712738,1766056312.511000,4,12345678,1,aa2a,317136,0,0.034868,941333,0,0.00012,2,"(0,0)",54,6,-10.5,23.5,-65,-67.6,14,20.0,4.0,2,2
6943e17935996ea66e7127f7,1766056312.561000,4,12345678,1,aa2a,317136,0,0.034868,941333,0,0.00012,2,"(0,0)",54,6,-10.5,23.5,-65,-67.6,14,20.0,4.0,2,2
6943e17935996ea66e7127f8,1766056312.611000,4,12345678,1,aa2a,317136,0,0.034868,941357,1,0.025108,2,"(0,0)",54,6,-10.5,23.5,-65,-63.0,14,20.0,28.5,2,2
6943e17935996ea66e7127f9,1766056312.660000,4,12345678,1,aa2a,317136,0,0.034868,941357,1,0.025108,2,"(0,0)",54,6,-10.5,23.5,-65,-63.0,14,20.0,28.5,2,2
6943e17935996ea66e7127fa,1766056312.710000,4,12345678,1,aa2a,317136,0,0.034868,941375,0,0.022597,2,"(0,0)",54,6,-10.5,23.5,-65,-69.4,14,20.0,24.5,2,2
6943e17935996ea66e7127fb,1766056312.761000,4,12345678,1,aa2a,317136,0,0.034868,941375,0,0.022597,2,"(0,0)",54,6,-10.5,23.5,-65,-69.4,14,20.0,24.5,2,2
6943e17935996ea66e7127fc,1766056312.811000,4,12345678,1,aa2a,317136,0,0.034868,941393,0,0.020338,2,"(0,0)",54,6,-10.5,23.5,-65,-71.4,14,20.0,24.5,2,2
6943e17935996ea66e7127fd,1766056312.861000,4,12345678,1,aa2a,317136,0,0.034868,941393,0,0.020338,2,"(0,0)",54,6,-10.5,23.5,-65,-71.4,14,20.0,24.5,2,2
6943e17935996ea66e7127fe,1766056312.911000,4,12345678,1,aa2a,317136,0,0.034868,941411,0,0.018304,2,"(0,0)",54,6,-10.5,23.5,-65,-66.8,14,20.0,27.5,2,2
6943e17935996ea66e7127ff,1766056312.961000,4,12345678,1,aa2a,317174,0,0.031381,941411,0,0.018304,2,"(0,0)",54,6,-10.5,23.5,-65,-66.8,14,20.0,27.5,2,2
6943e17935996ea66e712800,1766056313.011000,4,12345678,1,aa2a,317174,0,0.031381,941429,0,0.016474,2,"(0,0)",54,6,-10.5,23.5,-65,-66.0,14,20.0,27.0,2,2
6943e17935996ea66e712801,1766056313.061000,4,12345678,1,aa2a,317174,0,0.031381,941429,0,0.016474,2,"(0,0)",54,6,-10.5,23.5,-65,-66.0,14,20.0,27.0,2,2
6943e17935996ea66e712802,1766056313.111000,4,12345678,1,aa2a,317174,0,0.031381,941447,0,0.014826,2,"(0,0)",54,6,-10.5,23.5,-65,-66.0,14,20.0,28.0,2,2
6943e17935996ea66e712803,1766056313.161000,4,12345678,1,aa2a,317174,0,0.031381,941447,0,0.014826,2,"(0,0)",54,6,-10.5,23.5,-65,-66.0,14,20.0,28.0,2,2
6943e17935996ea66e712804,1766056313.211000,4,12345678,1,aa2a,317174,0,0.031381,941465,0,0.013344,2,"(0,0)",54,6,-10.5,23.5,-65,-66.0,14,20.0,26.5,2,2
6943e17935996ea66e712805,1766056313.261000,4,12345678,1,aa2a,317174,0,0.031381,941465,0,0.013344,2,"(0,0)",54,6,-10.5,23.5,-65,-66.0,14,20.0,26.5,2,2
6943e17935996ea66e712806,1766056313.311000,4,12345678,1,aa2a,317174,0,0.031381,941483,0,0.012009,2,"(0,0)",54,6,-10.5,23.5,-65,-66.0,14,20.0,26.0,2,2
6943e17935996ea66e712807,1766056313.361000,4,12345678,1,aa2a,317174,0,0.031381,941483,0,0.012009,2,"(0,0)",54,6,-10.5,23.5,-65,-66.0,14,20.0,26.0,2,2
6943e17935996ea66e712808,1766056313.411000,4,12345678,1,aa2a,317174,0,0.031381,941501,0,0.010808,2,"(0,0)",54,6,-10.5,23.5,-65,-66.4,14,20.0,25.0,2,2
6943e17935996ea66e712809,1766056313.461000,4,12345678,1,aa2a,317174,0,0.031381,941501,0,0.010808,2,"(0,0)",54,6,-10.5,23.5,-65,-66.4,14,20.0,25.0,2,2
6943e17935996ea66e71280a,1766056313.511000,4,12345678,1,aa2a,317216,0,0.028243,941541,0,0.009727,2,"(0,0)",61,6,-11.0,23.5,-58,-63.0,14,11.0,8.0,2,2
6943e17a35996ea66e7128b2,1766056313.561000,4,12345678,1,aa2a,317216,0,0.028243,941541,0,0.009727,2,"(0,0)",61,6,-11.0,23.5,-58,-63.0,14,11.0,8.0,2,2
6943e17a35996ea66e7128b3,1766056313.611000,4,12345678,1,aa2a,317216,0,0.028243,941559,0,0.075421,2,"(0,0)",52,6,-11.0,23.5,-58,-54.6,14,11.0,36.0,2,2
6943e17a35996ea66e7128b4,1766056313.661000,4,12345678,1,aa2a,317216,0,0.028243,941559,0,0.075421,2,"(0,0)",52,6,-11.0,23.5,-58,-54.6,14,11.0,36.0,2,2
6943e17a35996ea66e7128b5,1766056313.710000,4,12345678,1,aa2a,317216,0,0.028243,941577,0,0.067879,2,"(0,0)",52,6,-11.0,23.5,-58,-54.3,14,11.0,36.0,2,2
6943e17a35996ea66e7128b6,1766056313.761000,4,12345678,1,aa2a,317216,0,0.028243,941577,0,0.067879,2,"(0,0)",52,6,-11.0,23.5,-58,-54.3,14,11.0,36.0,2,2
6943e17a35996ea66e7128b7,1766056313.811000,4,12345678,1,aa2a,317216,0,0.028243,941595,0,0.061091,2,"(0,0)",54,6,-11.0,23.5,-58,-59.1,14,11.0,32.0,2,2
6943e17a35996ea66e7128b8,1766056313.861000,4,12345678,1,aa2a,317216,0,0.028243,941595,0,0.061091,2,"(0,0)",54,6,-11.0,23.5,-58,-59.1,14,11.0,32.0,2,2
6943e17a35996ea66e7128b9,1766056313.911000,4,12345678,1,aa2a,317216,0,0.028243,941613,0,0.054982,2,"(0,0)",54,6,-11.0,23.5,-58,-66.0,14,11.0,28.5,2,2
6943e17a35996ea66e7128ba,1766056313.961000,4,12345678,1,aa2a,317254,0,0.025419,941613,0,0.054982,2,"(0,0)",54,6,-11.0,23.5,-58,-66.0,14,11.0,28.5,2,2
6943e17a35996ea66e7128bb,1766056314.010000,4,12345678,1,aa2a,317254,0,0.025419,941631,0,0.049484,2,"(0,0)",54,6,-11.0,23.5,-58,-68.7,14,11.0,24.5,2,2
6943e17a35996ea66e7128bc,1766056314.060000,4,12345678,1,aa2a,317254,0,0.025419,941631,0,0.049484,2,"(0,0)",54,6,-11.0,23.5,-58,-68.7,14,11.0,24.5,2,2
6943e17a35996ea66e7128bd,1766056314.110000,4,12345678,1,aa2a,317254,0,0.025419,941649,0,0.044536,2,"(0,0)",54,6,-11.0,23.5,-58,-69.0,14,11.0,25.0,2,2
6943e17a35996ea66e7128be,1766056314.161000,4,12345678,1,aa2a,317254,0,0.025419,941649,0,0.044536,2,"(0,0)",54,6,-11.0,23.5,-58,-69.0,14,11.0,25.0,2,2
6943e17a35996ea66e7128bf,1766056314.211000,4,12345678,1,aa2a,317254,0,0.025419,941667,0,0.040082,2,"(0,0)",54,6,-11.0,23.5,-58,-66.0,14,11.0,27.5,2,2
6943e17a35996ea66e7128c0,1766056314.260000,4,12345678,1,aa2a,317254,0,0.025419,941667,0,0.040082,2,"(0,0)",54,6,-11.0,23.5,-58,-66.0,14,11.0,27.5,2,2
6943e17a35996ea66e7128c1,1766056314.311000,4,12345678,1,aa2a,317254,0,0.025419,941685,0,0.036074,2,"(0,0)",54,6,-11.0,23.5,-58,-66.0,14,11.0,27.0,2,2
6943e17a35996ea66e7128c2,1766056314.361000,4,12345678,1,aa2a,317254,0,0.025419,941685,0,0.036074,2,"(0,0)",54,6,-11.0,23.5,-58,-66.0,14,11.0,27.0,2,2
6943e17a35996ea66e7128c3,1766056314.411000,4,12345678,1,aa2a,317254,0,0.025419,941703,0,0.032466,2,"(0,0)",54,6,-11.0,23.5,-58,-68.3,14,11.0,26.5,2,2
6943e17a35996ea66e7128c4,1766056314.461000,4,12345678,1,aa2a,317254,0,0.025419,941703,0,0.032466,2,"(0,0)",54,6,-11.0,23.5,-58,-68.3,14,11.0,26.5,2,2
6943e17a35996ea66e7128c5,1766056314.511000,4,12345678,1,aa2a,317254,0,0.025419,941721,0,0.02922,2,"(0,0)",54,6,-11.0,23.5,-58,-72.5,14,11.0,2.0,2,2
6943e17a35996ea66e7128c6,1766056314.561000,4,12345678,1,aa2a,317296,0,0.022877,941761,0,0.02922,2,"(0,0)",61,6,-10.5,23.5,-57,-68.7,14,13.0,7.0,2,2
6943e17b35996ea66e712974,1766056314.611000,4,12345678,1,aa2a,317296,0,0.022877,941779,0,0.059631,2,"(0,0)",52,6,-10.5,23.5,-57,-66.0,14,13.0,32.5,2,2
6943e17b35996ea66e712975,1766056314.661000,4,12345678,1,aa2a,317296,0,0.022877,941779,0,0.059631,2,"(0,0)",52,6,-10.5,23.5,-57,-66.0,14,13.0,32.5,2,2
6943e17b35996ea66e712976,1766056314.710000,4,12345678,1,aa2a,317296,0,0.022877,941797,0,0.053668,2,"(0,0)",52,6,-10.5,23.5,-57,-66.0,14,13.0,32.5,2,2
6943e17b35996ea66e712977,1766056314.760000,4,12345678,1,aa2a,317296,0,0.022877,941797,0,0.053668,2,"(0,0)",52,6,-10.5,23.5,-57,-66.0,14,13.0,32.5,2,2
6943e17b35996ea66e712978,1766056314.811000,4,12345678,1,aa2a,317296,0,0.022877,941815,0,0.048301,2,"(0,0)",54,6,-10.5,23.5,-57,-66.0,14,13.0,27.0,2,2
6943e17b35996ea66e712979,1766056314.861000,4,12345678,1,aa2a,317296,0,0.022877,941815,0,0.048301,2,"(0,0)",54,6,-10.5,23.5,-57,-66.0,14,13.0,27.0,2,2
6943e17b35996ea66e71297a,1766056314.911000,4,12345678,1,aa2a,317296,0,0.022877,941833,0,0.043471,2,"(0,0)",54,6,-10.5,23.5,-57,-66.0,14,13.0,30.0,2,2
6943e17b35996ea66e71297b,1766056314.961000,4,12345678,1,aa2a,317334,0,0.020589,941833,0,0.043471,2,"(0,0)",54,6,-10.5,23.5,-57,-66.0,14,13.0,30.0,2,2
6943e17b35996ea66e71297c,1766056315.011000,4,12345678,1,aa2a,317334,0,0.020589,941851,0,0.039124,2,"(0,0)",54,6,-10.5,23.5,-57,-71.2,14,13.0,28.5,2,2
6943e17b35996ea66e71297d,1766056315.061000,4,12345678,1,aa2a,317334,0,0.020589,941851,0,0.039124,2,"(0,0)",54,6,-10.5,23.5,-57,-71.2,14,13.0,28.5,2,2
6943e17b35996ea66e71297e,1766056315.111000,4,12345678,1,aa2a,317334,0,0.020589,941869,0,0.035212,2,"(0,0)",54,6,-10.5,23.5,-57,-69.0,14,13.0,26.5,2,2
6943e17b35996ea66e71297f,1766056315.161000,4,12345678,1,aa2a,317334,0,0.020589,941869,0,0.035212,2,"(0,0)",54,6,-10.5,23.5,-57,-69.0,14,13.0,26.5,2,2
6943e17b35996ea66e712980,1766056315.211000,4,12345678,1,aa2a,317334,0,0.020589,941887,0,0.03169,2,"(0,0)",54,6,-10.5,23.5,-57,-66.0,14,13.0,28.5,2,2
6943e17b35996ea66e712981,1766056315.261000,4,12345678,1,aa2a,317334,0,0.020589,941887,0,0.03169,2,"(0,0)",54,6,-10.5,23.5,-57,-66.0,14,13.0,28.5,2,2
6943e17b35996ea66e712982,1766056315.310000,4,12345678,1,aa2a,317334,0,0.020589,941905,0,0.028521,2,"(0,0)",54,6,-10.5,23.5,-57,-66.0,14,13.0,28.0,2,2
6943e17b35996ea66e712983,1766056315.360000,4,12345678,1,aa2a,317334,0,0.020589,941905,0,0.028521,2,"(0,0)",54,6,-10.5,23.5,-57,-66.0,14,13.0,28.0,2,2
6943e17b35996ea66e712984,1766056315.411000,4,12345678,1,aa2a,317334,0,0.020589,941923,0,0.025669,2,"(0,0)",54,6,-10.5,23.5,-57,-67.4,14,13.0,28.0,2,2
6943e17b35996ea66e712985,1766056315.461000,4,12345678,1,aa2a,317334,0,0.020589,941923,0,0.025669,2,"(0,0)",54,6,-10.5,23.5,-57,-67.4,14,13.0,28.0,2,2
6943e17b35996ea66e712986,1766056315.511000,4,12345678,1,aa2a,317334,0,0.020589,941941,0,0.023102,2,"(0,0)",54,6,-10.5,23.5,-57,-70.2,14,13.0,27.5,2,2
6943e17b35996ea66e712987,1766056315.561000,4,12345678,1,aa2a,317376,0,0.01853,941995,0,0.023102,2,"(0,0)",54,6,-10.5,23.5,-57,-63.0,14,14.0,9.0,2,2
6943e17b35996ea66e712988,1766056315.611000,4,12345678,1,aa2a,317376,0,0.01853,941995,0,0.023102,2,"(0,0)",54,6,-10.5,23.5,-57,-63.0,14,14.0,9.0,2,2
6943e17c35996ea66e712a3c,1766056315.661000,4,12345678,1,aa2a,317376,0,0.01853,942019,1,0.020792,2,"(0,0)",48,6,-10.5,23.5,-57,-67.1,14,14.0,37.5,2,2
6943e17c35996ea66e712a3d,1766056315.711000,4,12345678,1,aa2a,317376,0,0.01853,942019,1,0.020792,2,"(0,0)",48,6,-10.5,23.5,-57,-67.1,14,14.0,37.5,2,2
6943e17c35996ea66e712a3e,1766056315.760000,4,12345678,1,aa2a,317376,0,0.01853,942037,0,0.018713,2,"(0,0)",50,6,-10.5,23.5,-57,-63.0,14,14.0,35.5,2,2
6943e17c35996ea66e712a3f,1766056315.811000,4,12345678,1,aa2a,317376,0,0.01853,942037,0,0.018713,2,"(0,0)",50,6,-10.5,23.5,-57,-63.0,14,14.0,35.5,2,2
6943e17c35996ea66e712a40,1766056315.861000,4,12345678,1,aa2a,317376,0,0.01853,942055,0,0.016842,2,"(0,0)",50,6,-10.5,23.5,-57,-63.0,14,14.0,36.0,2,2
6943e17c35996ea66e712a41,1766056315.911000,4,12345678,1,aa2a,317376,0,0.01853,942055,0,0.016842,2,"(0,0)",50,6,-10.5,23.5,-57,-63.0,14,14.0,36.0,2,2
6943e17c35996ea66e712a42,1766056315.961000,4,12345678,1,aa2a,317414,0,0.016677,942073,0,0.015157,2,"(0,0)",52,6,-10.5,23.5,-57,-63.0,14,14.0,19.0,2,2
6943e17c35996ea66e712a43,1766056316.011000,4,12345678,1,aa2a,317414,0,0.016677,942073,0,0.015157,2,"(0,0)",52,6,-10.5,23.5,-57,-63.0,14,14.0,19.0,2,2
6943e17c35996ea66e712a44,1766056316.060000,4,12345678,1,aa2a,317414,0,0.016677,942091,0,0.013642,2,"(0,0)",52,6,-10.5,23.5,-57,-63.0,14,14.0,34.5,2,2
6943e17c35996ea66e712a45,1766056316.111000,4,12345678,1,aa2a,317414,0,0.016677,942091,0,0.013642,2,"(0,0)",52,6,-10.5,23.5,-57,-63.0,14,14.0,34.5,2,2
6943e17c35996ea66e712a46,1766056316.161000,4,12345678,1,aa2a,317414,0,0.016677,942109,0,0.012278,2,"(0,0)",52,6,-10.5,23.5,-57,-66.0,14,14.0,33.5,2,2
6943e17c35996ea66e712a47,1766056316.211000,4,12345678,1,aa2a,317414,0,0.016677,942109,0,0.012278,2,"(0,0)",52,6,-10.5,23.5,-57,-66.0,14,14.0,33.5,2,2
6943e17c35996ea66e712a48,1766056316.261000,4,12345678,1,aa2a,317414,0,0.016677,942127,0,0.01105,2,"(0,0)",54,6,-10.5,23.5,-57,-66.0,14,14.0,32.5,2,2
6943e17c35996ea66e712a49,1766056316.310000,4,12345678,1,aa2a,317414,0,0.016677,942127,0,0.01105,2,"(0,0)",54,6,-10.5,23.5,-57,-66.0,14,14.0,32.5,2,2
6943e17c35996ea66e712a4a,1766056316.361000,4,12345678,1,aa2a,317414,0,0.016677,942145,0,0.009945,2,"(0,0)",54,6,-10.5,23.5,-57,-66.2,14,14.0,30.0,2,2
6943e17c35996ea66e712a4b,1766056316.411000,4,12345678,1,aa2a,317414,0,0.016677,942145,0,0.009945,2,"(0,0)",54,6,-10.5,23.5,-57,-66.2,14,14.0,30.0,2,2
6943e17c35996ea66e712a4c,1766056316.461000,4,12345678,1,aa2a,317414,0,0.016677,942163,0,0.00895,2,"(0,0)",54,6,-10.5,23.5,-57,-66.9,14,14.0,29.0,2,2
6943e17c35996ea66e712a4d,1766056316.510000,4,12345678,1,aa2a,317414,0,0.016677,942163,0,0.00895,2,"(0,0)",54,6,-10.5,23.5,-57,-66.9,14,14.0,29.0,2,2
6943e17c35996ea66e712a4e,1766056316.561000,4,12345678,1,aa2a,317456,0,0.015009,942235,0,0.008055,2,"(0,0)",54,6,-10.5,23.5,-56,-63.0,14,14.0,10.5,2,2
6943e17c35996ea66e712a4f,1766056316.611000,4,12345678,1,aa2a,317456,0,0.015009,942235,0,0.008055,2,"(0,0)",54,6,-10.5,23.5,-56,-63.0,14,14.0,10.5,2,2
